"","SiteSubsitePlot","Slope"
"1","ABISKO:ABISKODRY_PADDUS:CTL_1",0.00343177276544667
"2","ABISKO:ABISKODRY_PADDUS:CTL_2",0.020562073858316
"3","ABISKO:ABISKODRY_PADDUS:CTL_3",0.0359631296711628
"4","ABISKO:ABISKODRY_PADDUS:CTL_4",-0.00307492763094702
"5","ABISKO:ABISKODRY_PADDUS:CTL_5",0.00514106749727615
"6","ABISKO:ABISKODRY_PADDUS:CTL_6",-0.0180776718807773
"7","ABISKO:ABISKOWET_FLUX:1_CTL",0.00756200186368206
"8","ABISKO:ABISKOWET_FLUX:2_CTL",0.00957065187647897
"9","ABISKO:ABISKOWET_FLUX:3_CTL",-0.0157857022724262
"10","ABISKO:ABISKOWET_FLUX:4_CTL",-0.000227902636733548
"11","ABISKO:ABISKOWET_FLUX:5_CTL",0.0154761633127604
"12","ABISKO:ABISKOWET_FLUX:6_CTL",-0.0107931709143512
"13","ABISKO:ABISKOWET_MULTE:Abisko_wetheathControl1",0.00163131875033259
"14","ABISKO:ABISKOWET_MULTE:Abisko_wetheathControl2",0.00645221697222645
"15","ABISKO:ABISKOWET_MULTE:Abisko_wetheathControl3",0.00309688288435826
"16","ABISKO:ABISKOWET_MULTE:Abisko_wetheathControl4",-0.00586501572563376
"17","ABISKO:ABISKOWET_MULTE:Abisko_wetheathControl5",-0.00678707298834177
"18","ABISKO:ABISKOWET_MULTE:Abisko_wetheathControl6",0.01993030963863
"19","ABISKO:PEATLAND:AA1",-0.00154843535095269
"20","ABISKO:PEATLAND:AA2",-0.00992886172635704
"21","ABISKO:PEATLAND:AA3",-0.00037893343047178
"22","ABISKO:PEATLAND:AA4",0.000411736317762796
"23","ABISKO:PEATLAND:AA5",-0.00933391138410727
"24","ABISKO:lower_forest:ALFc1",0.00109945000127094
"25","ABISKO:lower_forest:ALFc2",-0.0223801384044291
"26","ABISKO:lower_forest:ALFc3",0.00152721470598329
"27","ABISKO:lower_forest:ALFc4",0.00691794724756136
"28","ABISKO:lower_forest:ALFc5",-0.000578761233191759
"29","ABISKO:lower_tundra:ALTc1",0.0246394957916065
"30","ABISKO:lower_tundra:ALTc2",0.0323725846170142
"31","ABISKO:lower_tundra:ALTc3",0.0187706868187929
"32","ABISKO:lower_tundra:ALTc4",0.0442702247212247
"33","ABISKO:lower_tundra:ALTc5",8.41353322592171e-05
"34","ABISKO:upper_forest:AUFc1",-0.00623051522394499
"35","ABISKO:upper_forest:AUFc3",-0.00436583415996124
"36","ABISKO:upper_forest:AUFc5",-0.0013086819407416
"37","ABISKO:upper_tundra:AUTc1",0.00427716419512544
"38","ABISKO:upper_tundra:AUTc2",0.00968075875351897
"39","ABISKO:upper_tundra:AUTc3",0.0241160277490625
"40","ABISKO:upper_tundra:AUTc4",-0.026839904400713
"41","ABISKO:upper_tundra:AUTc5",-0.00695528800832166
"42","ALEXFIORD:CASSIOPE:Cas.c.c.10new",-0.000548547422088089
"43","ALEXFIORD:CASSIOPE:Cas.c.c.11new",0.0029373577807643
"44","ALEXFIORD:CASSIOPE:Cas.c.c.12",0.00549593677503755
"45","ALEXFIORD:CASSIOPE:Cas.c.c.12new",4.50802208104896e-05
"46","ALEXFIORD:CASSIOPE:Cas.c.c.13",0.00280628468009015
"47","ALEXFIORD:CASSIOPE:Cas.c.c.13new",0.000723729575451608
"48","ALEXFIORD:CASSIOPE:Cas.c.c.14new",0.00225252810826986
"49","ALEXFIORD:CASSIOPE:Cas.c.c.15new",0.00525130071886911
"50","ALEXFIORD:CASSIOPE:Cas.c.c.16",-0.00158777871665941
"51","ALEXFIORD:CASSIOPE:Cas.c.c.16new",-0.00107064204408215
"52","ALEXFIORD:CASSIOPE:Cas.c.c.17new",-0.000961036368814214
"53","ALEXFIORD:CASSIOPE:Cas.c.c.18new",0.000432685389472567
"54","ALEXFIORD:CASSIOPE:Cas.c.c.1new",0.000203085947753172
"55","ALEXFIORD:CASSIOPE:Cas.c.c.2",0.0056149846831241
"56","ALEXFIORD:CASSIOPE:Cas.c.c.2new",-0.0053632136041299
"57","ALEXFIORD:CASSIOPE:Cas.c.c.3new",-0.00527422234339762
"58","ALEXFIORD:CASSIOPE:Cas.c.c.4",-0.000764882914015179
"59","ALEXFIORD:CASSIOPE:Cas.c.c.4new",0.00773542934530516
"60","ALEXFIORD:CASSIOPE:Cas.c.c.5new",-0.00392846623003227
"61","ALEXFIORD:CASSIOPE:Cas.c.c.6new",-0.00216107507795646
"62","ALEXFIORD:CASSIOPE:Cas.c.c.7new",0.00410954152374204
"63","ALEXFIORD:CASSIOPE:Cas.c.c.8new",0.00480638572362063
"64","ALEXFIORD:CASSIOPE:Cas.c.c.9",-0.00262012250740002
"65","ALEXFIORD:CASSIOPE:Cas.c.c.9new",0.00853568533829384
"66","ALEXFIORD:CASSIOPE_COVER:ALL",-0.003305820253604
"67","ALEXFIORD:DOMEDOLOMITE:Dom.c.2d",-0.0192883477287276
"68","ALEXFIORD:DOMEDOLOMITE:Dom.c.3d",-0.0266372683647844
"69","ALEXFIORD:DOMEDOLOMITE:Dom.c.5d",-0.0261177760657909
"70","ALEXFIORD:DOMEGRANITE:Dom.c.1g",0.0246548720998205
"71","ALEXFIORD:DOMEGRANITE:Dom.c.3g",-0.0455551186580904
"72","ALEXFIORD:DOMEGRANITE:Dom.c.4g",-0.0866980986894098
"73","ALEXFIORD:DOMEGRANITE:Dom.c.5g",-0.0542976930403062
"74","ALEXFIORD:DRYAS:Dry.c.1",-0.00250187189453849
"75","ALEXFIORD:DRYAS:Dry.c.10",0.00280990599752999
"76","ALEXFIORD:DRYAS:Dry.c.2",0.00273385893868179
"77","ALEXFIORD:DRYAS:Dry.c.3",-0.00152981179628788
"78","ALEXFIORD:DRYAS:Dry.c.4",-0.000586184045760815
"79","ALEXFIORD:DRYAS:Dry.c.5",0.00296986530241814
"80","ALEXFIORD:DRYAS:Dry.c.6",0.00320011803458343
"81","ALEXFIORD:DRYAS:Dry.c.7",-0.000536056287797277
"82","ALEXFIORD:DRYAS:Dry.c.8",0.0053369570122636
"83","ALEXFIORD:DRYAS:Dry.c.9",0.0116870669769888
"84","ALEXFIORD:FERT:Fert.c.c.13",-0.000946412276850513
"85","ALEXFIORD:FERT:Fert.c.c.21",-0.00881486557345622
"86","ALEXFIORD:FERT:Fert.c.c.29",-0.0020267527554529
"87","ALEXFIORD:FERT:Fert.c.c.37",0.000567575698520913
"88","ALEXFIORD:FERT:Fert.c.c.5",-0.00193810952707688
"89","ALEXFIORD:MEADOW:Mead.c.1",-0.000867868816315531
"90","ALEXFIORD:MEADOW:Mead.c.10",0.00788172628896189
"91","ALEXFIORD:MEADOW:Mead.c.2",-0.00244019757660625
"92","ALEXFIORD:MEADOW:Mead.c.3",0.00148578292575453
"93","ALEXFIORD:MEADOW:Mead.c.4",-0.00722512410805587
"94","ALEXFIORD:MEADOW:Mead.c.5",0.00270785421884429
"95","ALEXFIORD:MEADOW:Mead.c.6",-0.00443326888612837
"96","ALEXFIORD:MEADOW:Mead.c.7",-0.00259354300069608
"97","ALEXFIORD:MEADOW:Mead.c.8",0.0018736756434372
"98","ALEXFIORD:MEADOW:Mead.c.9",0.00207190187986581
"99","ALEXFIORD:WILLOW:Will.c.1",-0.00775188559351367
"100","ALEXFIORD:WILLOW:Will.c.10",-0.00627248710784745
"101","ALEXFIORD:WILLOW:Will.c.2",-0.00359310891704295
"102","ALEXFIORD:WILLOW:Will.c.3",-0.000257956133257531
"103","ALEXFIORD:WILLOW:Will.c.4",-0.00330895110237767
"104","ALEXFIORD:WILLOW:Will.c.5",-0.014608196527937
"105","ALEXFIORD:WILLOW:Will.c.6",-0.00510501570512077
"106","ALEXFIORD:WILLOW:Will.c.7",-0.00653154502564826
"107","ALEXFIORD:WILLOW:Will.c.8",0.00738279937426443
"108","ALEXFIORD:WILLOW:Will.c.9",-0.0169801804459766
"109","ANWR:ATIGUN-A:1",-0.00265029389070045
"110","ANWR:ATIGUN-A:10",0.0125637659473515
"111","ANWR:ATIGUN-A:2",-0.0112862899868331
"112","ANWR:ATIGUN-A:3",0.00494528204961956
"113","ANWR:ATIGUN-A:4",-0.0381550009992371
"114","ANWR:ATIGUN-A:5",0.0130447093346051
"115","ANWR:ATIGUN-A:6",0.00876672582258666
"116","ANWR:ATIGUN-A:7",0.00171351249070187
"117","ANWR:ATIGUN-A:8",0.0143271757742182
"118","ANWR:ATIGUN-A:9",-0.0219948818114085
"119","ANWR:ATIGUN-B:1",-0.0077846544785753
"120","ANWR:ATIGUN-B:10",-0.016727702852824
"121","ANWR:ATIGUN-B:2",-0.0171256504552332
"122","ANWR:ATIGUN-B:3",-0.00541123834347721
"123","ANWR:ATIGUN-B:4",0.00262187493045208
"124","ANWR:ATIGUN-B:5",-0.0109452734352265
"125","ANWR:ATIGUN-B:6",-0.0092505818855639
"126","ANWR:ATIGUN-B:7",-0.00797373216979316
"127","ANWR:ATIGUN-B:8",0.020661488160412
"128","ANWR:ATIGUN-B:9",0.00171216392506571
"129","ANWR:ATIGUN-C:1",-0.0157152812284463
"130","ANWR:ATIGUN-C:10",0.00847657395192669
"131","ANWR:ATIGUN-C:2",-0.0268525336054409
"132","ANWR:ATIGUN-C:3",0.0100980973625141
"133","ANWR:ATIGUN-C:4",-0.0114596008016023
"134","ANWR:ATIGUN-C:5",0.00116780222262907
"135","ANWR:ATIGUN-C:6",0.00157910985715984
"136","ANWR:ATIGUN-C:7",0.00736005782119519
"137","ANWR:ATIGUN-C:8",-0.00665077183169472
"138","ANWR:ATIGUN-C:9",0.0114121008336296
"139","ANWR:JAGO-A:1",-0.00754340827042752
"140","ANWR:JAGO-A:10",-0.00868480496385627
"141","ANWR:JAGO-A:2",0.00409182027609229
"142","ANWR:JAGO-A:3",-0.00353523436457965
"143","ANWR:JAGO-A:4",-0.00400282873131273
"144","ANWR:JAGO-A:5",0.00414845322435094
"145","ANWR:JAGO-A:6",-0.00532565455388482
"146","ANWR:JAGO-A:7",0.000201158343993925
"147","ANWR:JAGO-A:8",-0.00518081573653552
"148","ANWR:JAGO-A:9",-0.00421090456738365
"149","ANWR:JAGO-B:1",0.00152151307001428
"150","ANWR:JAGO-B:10",-0.0121909601849169
"151","ANWR:JAGO-B:2",-0.000754280715190448
"152","ANWR:JAGO-B:3",-0.00277509051644664
"153","ANWR:JAGO-B:4",4.31988057037518e-06
"154","ANWR:JAGO-B:5",-0.00629850286736416
"155","ANWR:JAGO-B:6",-0.0015269277081653
"156","ANWR:JAGO-B:7",-0.00797425616400178
"157","ANWR:JAGO-B:8",0.00403847477611623
"158","ANWR:JAGO-B:9",-0.000243710059354223
"159","ATQASUK:AD:ADC01",-0.00208629276159969
"160","ATQASUK:AD:ADC02",-0.0028608355478715
"161","ATQASUK:AD:ADC03",-0.00293381646542473
"162","ATQASUK:AD:ADC04",0.0036880494600512
"163","ATQASUK:AD:ADC05",0.00508096743442245
"164","ATQASUK:AD:ADC06",-0.00137434871697754
"165","ATQASUK:AD:ADC07",0.000266359320141016
"166","ATQASUK:AD:ADC08",-0.000306216741396354
"167","ATQASUK:AD:ADC09",0.0012677517108151
"168","ATQASUK:AD:ADC10",-0.00133484301358527
"169","ATQASUK:AD:ADC11",0.00171837100560607
"170","ATQASUK:AD:ADC12",0.00387297607742065
"171","ATQASUK:AD:ADC13",0.00346352553996522
"172","ATQASUK:AD:ADC14",-8.25980090375114e-05
"173","ATQASUK:AD:ADC15",-0.00376155122795545
"174","ATQASUK:AD:ADC16",-0.000386883607839247
"175","ATQASUK:AD:ADC17",0.00267257534296532
"176","ATQASUK:AD:ADC18",6.01238407860283e-05
"177","ATQASUK:AD:ADC19",-0.00214637370503286
"178","ATQASUK:AD:ADC20",-0.00175546561986648
"179","ATQASUK:AD:ADC21",-0.000721323577327021
"180","ATQASUK:AD:ADC22",-0.00221573097697655
"181","ATQASUK:AD:ADC23",0.00332204474372291
"182","ATQASUK:AD:ADC24",-0.00676790049509641
"183","ATQASUK:AG:AGCA02",-0.0112988140589442
"184","ATQASUK:AG:AGCA03",0.00454874273550236
"185","ATQASUK:AG:AGCA04",0.00612394244599925
"186","ATQASUK:AG:AGCA05",0.00695159146000396
"187","ATQASUK:AG:AGCA06",0.00580381061326118
"188","ATQASUK:AG:AGCA07",0.00946876695262677
"189","ATQASUK:AG:AGCA09",0.0165971580835021
"190","ATQASUK:AG:AGCA10",0.013128310566777
"191","ATQASUK:AG:AGCB02",-0.00377713847664725
"192","ATQASUK:AG:AGCB03",-0.00423222688669144
"193","ATQASUK:AG:AGCB04",-0.00754212331912369
"194","ATQASUK:AG:AGCB06",-0.0418944868524137
"195","ATQASUK:AG:AGCB07",-0.00836797208063881
"196","ATQASUK:AG:AGCB08",0.000429671987729504
"197","ATQASUK:AG:AGCB09",-0.00763595609337297
"198","ATQASUK:AG:AGCB10",-0.0022303572753021
"199","ATQASUK:AG:AGCB11",-0.0174491737341903
"200","ATQASUK:AG:AGCC05",-0.0109121135603891
"201","ATQASUK:AG:AGCC06",-0.0454622760804315
"202","ATQASUK:AG:AGCC08",0.00554420851186121
"203","ATQASUK:AG:AGCC09",-0.000498659883964189
"204","ATQASUK:AG:AGCC10",-0.00427357569608874
"205","ATQASUK:AG:AGCC11",-0.0087335099023824
"206","ATQASUK:AG:AGCD02",-0.0231466773147497
"207","ATQASUK:AG:AGCD03",0.0113068417659672
"208","ATQASUK:AG:AGCD04",-0.0118192398609401
"209","ATQASUK:AG:AGCD05",-0.00472680986721155
"210","ATQASUK:AG:AGCD06",-0.00457351114466293
"211","ATQASUK:AG:AGCD07",-0.00255538211246854
"212","ATQASUK:AG:AGCD08",-0.00857071013951256
"213","ATQASUK:AG:AGCD10",0.0103462121854726
"214","ATQASUK:AG:AGCD11",0.0116917180261241
"215","ATQASUK:AG:AGCE02",0.00319527741931544
"216","ATQASUK:AG:AGCE03",-0.0185920764135844
"217","ATQASUK:AG:AGCE04",1.2872276425803e-05
"218","ATQASUK:AG:AGCE06",-0.00817715571021673
"219","ATQASUK:AG:AGCE07",-0.00146320143202298
"220","ATQASUK:AG:AGCE08",-0.00440097673055411
"221","ATQASUK:AG:AGCE09",-0.010147429233088
"222","ATQASUK:AG:AGCE11",0.0107801295966179
"223","ATQASUK:AG:AGCF02",-0.00761491488648216
"224","ATQASUK:AG:AGCF05",-0.00827858730647819
"225","ATQASUK:AG:AGCF06",-0.0170454155051795
"226","ATQASUK:AG:AGCF07",0.00951503015544504
"227","ATQASUK:AG:AGCF10",0.0416407396653589
"228","ATQASUK:AG:AGCG02",-0.0167933451378459
"229","ATQASUK:AG:AGCG03",-0.015374898413906
"230","ATQASUK:AG:AGCG05",-0.00744222364789578
"231","ATQASUK:AG:AGCG06",0.00691305688741316
"232","ATQASUK:AG:AGCG07",0.0212067936962101
"233","ATQASUK:AG:AGCG10",-0.0310032129652722
"234","ATQASUK:AG:AGCG11",-0.0079796338825846
"235","ATQASUK:AG:AGCH02",-0.00263461554097474
"236","ATQASUK:AG:AGCH03",-0.000643280306130856
"237","ATQASUK:AG:AGCH04",0.00183627288763886
"238","ATQASUK:AG:AGCH06",0.04609234087104
"239","ATQASUK:AG:AGCH11",-0.00399814548765691
"240","ATQASUK:AG:AGCI03",0.0107698324355232
"241","ATQASUK:AG:AGCI04",0.00531271604063619
"242","ATQASUK:AG:AGCI05",-0.0145683102160807
"243","ATQASUK:AG:AGCI06",-0.02318395063213
"244","ATQASUK:AG:AGCI11",-0.00109148838252807
"245","ATQASUK:AG:AGCJ02",0.00953203162808357
"246","ATQASUK:AG:AGCJ03",0.00218711499035804
"247","ATQASUK:AG:AGCJ04",-0.00737086967331642
"248","ATQASUK:AG:AGCJ05",-0.00350296142187774
"249","ATQASUK:AG:AGCJ10",-0.0240282817342778
"250","ATQASUK:AG:AGCJ11",0.0114854343404837
"251","ATQASUK:AW:AWC01",0.00892976644380509
"252","ATQASUK:AW:AWC02",0.00468142528389346
"253","ATQASUK:AW:AWC03",0.0120174806155011
"254","ATQASUK:AW:AWC04",0.000477655050578908
"255","ATQASUK:AW:AWC05",0.00266029625399463
"256","ATQASUK:AW:AWC06",-0.00360238212040786
"257","ATQASUK:AW:AWC08",0.0102712321081737
"258","ATQASUK:AW:AWC09",-0.000909614611977316
"259","ATQASUK:AW:AWC10",-0.00282579585640226
"260","ATQASUK:AW:AWC11",-0.0103856814152335
"261","ATQASUK:AW:AWC12",-0.0348164018466964
"262","ATQASUK:AW:AWC13",-0.00842502629263834
"263","ATQASUK:AW:AWC14",-0.00798753455975646
"264","ATQASUK:AW:AWC15",-0.0065549734081959
"265","ATQASUK:AW:AWC16",-0.000107361077203252
"266","ATQASUK:AW:AWC17",-0.00149056631572883
"267","ATQASUK:AW:AWC18",-0.00942587847896529
"268","ATQASUK:AW:AWC19",-0.0307834700990523
"269","ATQASUK:AW:AWC20",-0.00360386888369404
"270","ATQASUK:AW:AWC22",0.0080397413613151
"271","ATQASUK:AW:AWC23",-0.00721780980139248
"272","ATQASUK:AW:AWC24",-0.0180752013504559
"273","ATQASUK:RATE_BETULA_SHRUB:31",0.0526477452922759
"274","ATQASUK:RATE_BETULA_SHRUB:42",0.0180762448650134
"275","ATQASUK:RATE_BETULA_SHRUB:44",-0.00590837468922499
"276","ATQASUK:RATE_BETULA_SHRUB:48",0.0234912637550182
"277","ATQASUK:RATE_BETULA_SHRUB:50",0.00759115287226565
"278","ATQASUK:RATE_BETULA_SHRUB:54",0.0163050402957834
"279","ATQASUK:RATE_BETULA_SHRUB:56",0.0289187441289826
"280","ATQASUK:RATE_BETULA_SHRUB:9",0.00800372712701968
"281","ATQASUK:RATE_CAREX_ WET_MEADOW:18",0.0110024367114486
"282","ATQASUK:RATE_CAREX_ WET_MEADOW:22",0.0362503755481192
"283","ATQASUK:RATE_DRYAS_HEATH:1",0.0137971082472009
"284","ATQASUK:RATE_DRYAS_HEATH:14",0.0110862491650138
"285","ATQASUK:RATE_DRYAS_HEATH:16",0.000772591783299243
"286","ATQASUK:RATE_DRYAS_HEATH:17",0.0171647048824229
"287","ATQASUK:RATE_DRYAS_HEATH:19",0.022583386557834
"288","ATQASUK:RATE_DRYAS_HEATH:5",0.00917655098721948
"289","ATQASUK:RATE_ERIOPHORUM_WET_MEADOW:13",0.0554118143541982
"290","ATQASUK:RATE_ERIOPHORUM_WET_MEADOW:45",0.024348189676683
"291","ATQASUK:RATE_ERIOPHORUM_WET_MEADOW:46",0.0414613731448507
"292","ATQASUK:RATE_HIEROCHLOE_DRY_MEADOW:24",0.0135539047622247
"293","ATQASUK:RATE_HIEROCHLOE_DRY_MEADOW:25",0.0271474705381166
"294","ATQASUK:RATE_HIEROCHLOE_DRY_MEADOW:28",0.0196070419159182
"295","ATQASUK:RATE_HIEROCHLOE_DRY_MEADOW:32",0.0162853429940569
"296","ATQASUK:RATE_HIEROCHLOE_DRY_MEADOW:38",0.0233339270885009
"297","ATQASUK:RATE_HIEROCHLOE_DRY_MEADOW:49",0.0108061131790828
"298","ATQASUK:RATE_HIEROCHLOE_DRY_MEADOW:51",0.00875864451614243
"299","ATQASUK:RATE_HIEROCHLOE_DRY_MEADOW:53",0.0162973789204244
"300","ATQASUK:RATE_HIEROCHLOE_DRY_MEADOW:55",0.0110188282184921
"301","ATQASUK:RATE_HIEROCHLOE_DRY_MEADOW:58",0.00853880318731226
"302","ATQASUK:RATE_HIEROCHLOE_DRY_MEADOW:59",0.0179042756215588
"303","ATQASUK:RATE_HIEROCHLOE_DRY_MEADOW:8",-0.00173308783008836
"304","AUDKULUHEIDI:BETULAHEATH:1",-0.0100671893194308
"305","AUDKULUHEIDI:BETULAHEATH:10",0.00293525615216304
"306","AUDKULUHEIDI:BETULAHEATH:2",-0.00325150333152366
"307","AUDKULUHEIDI:BETULAHEATH:3",-0.00833590826530927
"308","AUDKULUHEIDI:BETULAHEATH:4",-0.0032881769736193
"309","AUDKULUHEIDI:BETULAHEATH:5",-0.00269253536025659
"310","AUDKULUHEIDI:BETULAHEATH:6",-0.01216163219829
"311","AUDKULUHEIDI:BETULAHEATH:7",-0.0182456891064808
"312","AUDKULUHEIDI:BETULAHEATH:8",-0.00430295093981936
"313","AUDKULUHEIDI:BETULAHEATH:9",0.000564055522227627
"314","AUYUITTUQ:OWL RIVER:14",-0.01186147570178
"315","BARROW:ARCTOPHILA_POND_ORDINATION:21",-0.00452515398424929
"316","BARROW:BD:BDC01",-0.00381520265312733
"317","BARROW:BD:BDC02",0.00429212994702495
"318","BARROW:BD:BDC03",0.00439690841767598
"319","BARROW:BD:BDC04",-0.000531129584284344
"320","BARROW:BD:BDC05",0.00409417732198696
"321","BARROW:BD:BDC06",-0.00394222630183183
"322","BARROW:BD:BDC07",0.000421706882500389
"323","BARROW:BD:BDC08",-0.0014746282397072
"324","BARROW:BD:BDC09",-0.00245534186974256
"325","BARROW:BD:BDC10",0.00516154625469802
"326","BARROW:BD:BDC11",-0.00222399912733517
"327","BARROW:BD:BDC12",-0.00455877335789356
"328","BARROW:BD:BDC13",-0.00133908002736698
"329","BARROW:BD:BDC14",0.00379354338936772
"330","BARROW:BD:BDC15",0.000433589336349458
"331","BARROW:BD:BDC16",0.00624560167110902
"332","BARROW:BD:BDC17",-0.000940697162637256
"333","BARROW:BD:BDC18",0.00152157308663534
"334","BARROW:BD:BDC19",-0.00281767089631813
"335","BARROW:BD:BDC20",0.00195901842243384
"336","BARROW:BD:BDC21",0.00494207499813513
"337","BARROW:BD:BDC22",0.0022184497969684
"338","BARROW:BD:BDC23",0.00158383991424383
"339","BARROW:BD:BDC24",-0.00316039077109738
"340","BARROW:BG:BGCB02",0.000160844046492754
"341","BARROW:BG:BGCB05",-0.0104371118162717
"342","BARROW:BG:BGCB06",-0.013780284338244
"343","BARROW:BG:BGCB09",-0.0371145458042444
"344","BARROW:BG:BGCB11",-0.0438783817373507
"345","BARROW:BG:BGCC03",-0.016746651905732
"346","BARROW:BG:BGCC04",0.0466444285088767
"347","BARROW:BG:BGCC07",-0.0383059143625066
"348","BARROW:BG:BGCC10",0.0123512558073204
"349","BARROW:BG:BGCD02",-0.00818905459454194
"350","BARROW:BG:BGCD03",-0.0036833867522407
"351","BARROW:BG:BGCD04",0.00641442915226924
"352","BARROW:BG:BGCD05",0.00116332252986458
"353","BARROW:BG:BGCD06",0.00712991966033012
"354","BARROW:BG:BGCE02",0.00470719035655032
"355","BARROW:BG:BGCE04",-0.0114541386134463
"356","BARROW:BG:BGCE05",-0.00500415598727853
"357","BARROW:BG:BGCE06",-0.0132973573493881
"358","BARROW:BG:BGCE07",0.011632148614863
"359","BARROW:BG:BGCE08",0.00633276538825937
"360","BARROW:BG:BGCE09",0.00279883994388546
"361","BARROW:BG:BGCF02",-0.0115157241104581
"362","BARROW:BG:BGCF03",-0.00457934835789438
"363","BARROW:BG:BGCF04",-0.0307880459190947
"364","BARROW:BG:BGCF05",-0.0254783176143385
"365","BARROW:BG:BGCF06",-0.00959890086892454
"366","BARROW:BG:BGCF07",-0.0149478406484271
"367","BARROW:BG:BGCF08",-0.0147313859688607
"368","BARROW:BG:BGCF09",0.0193706921644773
"369","BARROW:BG:BGCF10",0.0142242512146461
"370","BARROW:BG:BGCF11",-0.00772945625148309
"371","BARROW:BG:BGCG04",0.000508075707662098
"372","BARROW:BG:BGCG05",0.0162067363093048
"373","BARROW:BG:BGCG08",-0.025959748591856
"374","BARROW:BG:BGCG10",-0.0116691895435852
"375","BARROW:BG:BGCH03",0.0269708152504599
"376","BARROW:BG:BGCH04",-0.0136817874845764
"377","BARROW:BG:BGCH05",0.0124736578925333
"378","BARROW:BG:BGCH06",-0.0076189272433965
"379","BARROW:BG:BGCH11",-0.0109235385272925
"380","BARROW:BG:BGCI05",0.0154761547104494
"381","BARROW:BG:BGCJ11",-0.00629873338829104
"382","BARROW:BG:BGCK03",0.00710353369903727
"383","BARROW:BG:BGCK05",-0.0139698585725475
"384","BARROW:BG:BGCK07",-0.00958718946352284
"385","BARROW:BG:BGCK09",-0.00750352103348028
"386","BARROW:BW:BWC01",0.000389700974700013
"387","BARROW:BW:BWC02",0.000869554702250412
"388","BARROW:BW:BWC03",-0.00239274937666107
"389","BARROW:BW:BWC04",0.00043310938375916
"390","BARROW:BW:BWC05",-0.00217689891011373
"391","BARROW:BW:BWC06",-0.00719048074530288
"392","BARROW:BW:BWC07",-0.00174775802927325
"393","BARROW:BW:BWC08",0.00635199903832327
"394","BARROW:BW:BWC09",-0.00219333833895111
"395","BARROW:BW:BWC10",0.00169044317277753
"396","BARROW:BW:BWC11",-0.02007778557874
"397","BARROW:BW:BWC12",-0.00159859262454336
"398","BARROW:BW:BWC13",-0.00232069139220444
"399","BARROW:BW:BWC14",0.0176550779380219
"400","BARROW:BW:BWC15",-0.0184388609898296
"401","BARROW:BW:BWC16",0.00464095011542105
"402","BARROW:BW:BWC17",-0.0126792203095549
"403","BARROW:BW:BWC18",-0.0060147248780821
"404","BARROW:BW:BWC19",-0.00133397291855919
"405","BARROW:BW:BWC20",-0.0141523194973454
"406","BARROW:BW:BWC21",-0.000561351015061948
"407","BARROW:BW:BWC22",-0.0077579068645074
"408","BARROW:BW:BWC23",-0.000833541728357564
"409","BARROW:BW:BWC24",-0.00111184087518035
"410","BARROW:CAREX WET MEADOW_ORDINATION:12",0.0149311759714518
"411","BARROW:CAREX WET MEADOW_ORDINATION:16",-0.0437932382951155
"412","BARROW:CAREX_MESIC MEADOW_ORDINATION:13",-0.0195457913601266
"413","BARROW:CAREX_MESIC MEADOW_ORDINATION:17",-0.004324402454878
"414","BARROW:CAREX_MESIC MEADOW_ORDINATION:18",0.0260327683892258
"415","BARROW:CAREX_MESIC MEADOW_ORDINATION:19",0.0128130855071859
"416","BARROW:CAREX_MESIC MEADOW_ORDINATION:20",0.00889287357850837
"417","BARROW:CAREX_MESIC MEADOW_ORDINATION:22",0.00501896043980108
"418","BARROW:CAREX_MESIC MEADOW_ORDINATION:23",0.011481811516774
"419","BARROW:CAREX_MESIC MEADOW_ORDINATION:24",0.00430109591146008
"420","BARROW:CAREX_MESIC MEADOW_ORDINATION:3",0.00424392312090331
"421","BARROW:CAREX_MESIC MEADOW_ORDINATION:4",0.00900551022401121
"422","BARROW:CAREX_MESIC MEADOW_ORDINATION:6",-0.013016686079067
"423","BARROW:CAREX_MOIST MEADOW_ORDINATION:1",0.00641389636708993
"424","BARROW:CAREX_MOIST MEADOW_ORDINATION:14",0.000556920658593562
"425","BARROW:CAREX_MOIST MEADOW_ORDINATION:15",0.0152143912362476
"426","BARROW:CAREX_MOIST MEADOW_ORDINATION:2",-0.00068690231528344
"427","BARROW:CAREX_MOIST MEADOW_ORDINATION:5",0.00843518067804455
"428","BARROW:CAREX_MOIST MEADOW_ORDINATION:8",0.00509103164503581
"429","BARROW:CAREX_MOIST MEADOW_ORDINATION:9",-0.00298356235295062
"430","BARROW:CAREX_MOIST_MEADOW_MICROTOPO:AB00.5",0.0115174763369726
"431","BARROW:CAREX_MOIST_MEADOW_MICROTOPO:AB01.0",0.00718307274846357
"432","BARROW:CAREX_MOIST_MEADOW_MICROTOPO:AB01.5",0.000732715512041761
"433","BARROW:CAREX_MOIST_MEADOW_MICROTOPO:AB02.0",0.00690421525740178
"434","BARROW:CAREX_MOIST_MEADOW_MICROTOPO:AB02.5",0.0147620550503038
"435","BARROW:CAREX_MOIST_MEADOW_MICROTOPO:AB03.0",0.0125554467051249
"436","BARROW:CAREX_MOIST_MEADOW_MICROTOPO:AB03.5",0.0126301145007327
"437","BARROW:CAREX_MOIST_MEADOW_MICROTOPO:AB08.0",-0.00293282201944644
"438","BARROW:CAREX_MOIST_MEADOW_MICROTOPO:AB08.5",-0.00987333461706459
"439","BARROW:CAREX_MOIST_MEADOW_MICROTOPO:AB09.0",-0.00213563431179053
"440","BARROW:CAREX_MOIST_MEADOW_MICROTOPO:AB09.5",0.00137824893508552
"441","BARROW:CAREX_MOIST_MEADOW_MICROTOPO:AB10.0",-0.00031866674216755
"442","BARROW:CAREX_MOIST_MEADOW_MICROTOPO:AB10.5",0.00439014390401133
"443","BARROW:CAREX_MOIST_MEADOW_MICROTOPO:AB11.0",0.0139953348629993
"444","BARROW:CAREX_MOIST_MEADOW_MICROTOPO:AB11.5",0.0213552570539041
"445","BARROW:CAREX_MOIST_MEADOW_MICROTOPO:AB12.0",-0.0101077580651761
"446","BARROW:CAREX_MOIST_MEADOW_MICROTOPO:AB13.5",-0.0272312288658808
"447","BARROW:CAREX_MOIST_MEADOW_MICROTOPO:AB14.0",-0.0318853139614303
"448","BARROW:CAREX_MOIST_MEADOW_MICROTOPO:AB14.5",-0.0150637722893178
"449","BARROW:CAREX_MOIST_MEADOW_MICROTOPO:AB15.0",-0.00708242552615316
"450","BARROW:CAREX_MOIST_MEADOW_MICROTOPO:AB15.5",-0.0158512616554787
"451","BARROW:CAREX_MOIST_MEADOW_MICROTOPO:AB16.0",-0.00409094823598766
"452","BARROW:CAREX_MOIST_MEADOW_MICROTOPO:AB16.5",0.0213952148877643
"453","BARROW:CAREX_MOIST_MEADOW_MICROTOPO:AB17.0",0.0155148161204251
"454","BARROW:CAREX_MOIST_MEADOW_MICROTOPO:AB17.5",0.000703918250010889
"455","BARROW:CAREX_MOIST_MEADOW_MICROTOPO:AB18.0",0.00976029993486206
"456","BARROW:CAREX_MOIST_MEADOW_MICROTOPO:AB18.5",0.0061599240522493
"457","BARROW:CAREX_MOIST_MEADOW_MICROTOPO:AB24.5",0.00542198266298812
"458","BARROW:CAREX_MOIST_MEADOW_MICROTOPO:AB25.0",0.0128521163463324
"459","BARROW:CAREX_MOIST_MEADOW_MICROTOPO:AB25.5",0.00573112005555108
"460","BARROW:CAREX_MOIST_MEADOW_MICROTOPO:AB26.0",0.0117021263634386
"461","BARROW:CAREX_MOIST_MEADOW_MICROTOPO:AB26.5",0.0197569895749203
"462","BARROW:CAREX_MOIST_MEADOW_MICROTOPO:AB27.0",0.00523772443515302
"463","BARROW:CAREX_MOIST_MEADOW_MICROTOPO:AB27.5",0.00425152514187645
"464","BARROW:CAREX_MOIST_MEADOW_MICROTOPO:AB28.0",-0.0117146550094103
"465","BARROW:CAREX_MOIST_MEADOW_MICROTOPO:AB29.0",0.00485247914119304
"466","BARROW:CAREX_MOIST_MEADOW_MICROTOPO:AB31.5",0.0109898728655584
"467","BARROW:CAREX_MOIST_MEADOW_MICROTOPO:AB32.0",0.0169264555865229
"468","BARROW:CAREX_MOIST_MEADOW_MICROTOPO:AB32.5",0.00684974600730795
"469","BARROW:CAREX_MOIST_MEADOW_MICROTOPO:AB33.0",0.00299843489929515
"470","BARROW:CAREX_MOIST_MEADOW_MICROTOPO:AB33.5",0.00602992739819418
"471","BARROW:CAREX_MOIST_MEADOW_MICROTOPO:AB34.0",0.0126349498041331
"472","BARROW:CAREX_MOIST_MEADOW_MICROTOPO:BC00.5",0.0219064389030685
"473","BARROW:CAREX_MOIST_MEADOW_MICROTOPO:BC01.0",0.0314084074220138
"474","BARROW:CAREX_MOIST_MEADOW_MICROTOPO:BC01.5",0.0180857870050251
"475","BARROW:CAREX_MOIST_MEADOW_MICROTOPO:BC02.0",0.0167927562844964
"476","BARROW:CAREX_MOIST_MEADOW_MICROTOPO:BC02.5",0.0154760682506803
"477","BARROW:CAREX_MOIST_MEADOW_MICROTOPO:BC03.0",0.0321106175355241
"478","BARROW:CAREX_MOIST_MEADOW_MICROTOPO:BC03.5",0.0113539943437797
"479","BARROW:CAREX_MOIST_MEADOW_MICROTOPO:BC08.0",0.0200948586451326
"480","BARROW:CAREX_MOIST_MEADOW_MICROTOPO:BC08.5",-0.00427025707454489
"481","BARROW:CAREX_MOIST_MEADOW_MICROTOPO:BC09.0",0.00900719245609592
"482","BARROW:CAREX_MOIST_MEADOW_MICROTOPO:BC09.5",0.017631729881493
"483","BARROW:CAREX_MOIST_MEADOW_MICROTOPO:BC10.0",0.0159364688609449
"484","BARROW:CAREX_MOIST_MEADOW_MICROTOPO:BC10.5",0.0227090803664557
"485","BARROW:CAREX_MOIST_MEADOW_MICROTOPO:BC11.0",0.0354955860477822
"486","BARROW:CAREX_MOIST_MEADOW_MICROTOPO:BC11.5",0.0311154557089168
"487","BARROW:CAREX_MOIST_MEADOW_MICROTOPO:BC12.0",0.0325647130573851
"488","BARROW:CAREX_MOIST_MEADOW_MICROTOPO:BC12.5",0.00859264549359942
"489","BARROW:CAREX_MOIST_MEADOW_MICROTOPO:BC14.5",-0.0096585460414375
"490","BARROW:CAREX_MOIST_MEADOW_MICROTOPO:BC15.0",-0.017595632066873
"491","BARROW:CAREX_MOIST_MEADOW_MICROTOPO:BC15.5",0.0106830355905269
"492","BARROW:CAREX_MOIST_MEADOW_MICROTOPO:BC16.0",0.016127340586402
"493","BARROW:CAREX_MOIST_MEADOW_MICROTOPO:BC16.5",0.0200617993024554
"494","BARROW:CAREX_MOIST_MEADOW_MICROTOPO:BC17.0",-0.0295108532032811
"495","BARROW:CAREX_MOIST_MEADOW_MICROTOPO:BC17.5",0.00874644241574637
"496","BARROW:CAREX_MOIST_MEADOW_MICROTOPO:BC18.0",0.0110074591601216
"497","BARROW:CAREX_MOIST_MEADOW_MICROTOPO:BC18.5",0.00970289707535234
"498","BARROW:CAREX_MOIST_MEADOW_MICROTOPO:BC24.5",0.00887136410312386
"499","BARROW:CAREX_MOIST_MEADOW_MICROTOPO:BC25.0",0.0124972473062536
"500","BARROW:CAREX_MOIST_MEADOW_MICROTOPO:BC25.5",0.0144143420828691
"501","BARROW:CAREX_MOIST_MEADOW_MICROTOPO:BC26.0",0.0166901349008737
"502","BARROW:CAREX_MOIST_MEADOW_MICROTOPO:BC26.5",0.00708938779576683
"503","BARROW:CAREX_MOIST_MEADOW_MICROTOPO:BC27.0",0.00588781284673358
"504","BARROW:CAREX_MOIST_MEADOW_MICROTOPO:BC27.5",0.00762010438421243
"505","BARROW:CAREX_MOIST_MEADOW_MICROTOPO:BC28.0",0.0126319388185852
"506","BARROW:CAREX_MOIST_MEADOW_MICROTOPO:BC28.5",0.0131654679921956
"507","BARROW:CAREX_MOIST_MEADOW_MICROTOPO:BC29.0",0.00609692489563956
"508","BARROW:CAREX_MOIST_MEADOW_MICROTOPO:BC31.5",0.000783324464032073
"509","BARROW:CAREX_MOIST_MEADOW_MICROTOPO:BC32.0",0.00640877342305061
"510","BARROW:CAREX_MOIST_MEADOW_MICROTOPO:BC32.5",0.012841065072292
"511","BARROW:CAREX_MOIST_MEADOW_MICROTOPO:BC33.0",-0.00738680249470949
"512","BARROW:CAREX_MOIST_MEADOW_MICROTOPO:BC33.5",-0.0197443600640229
"513","BARROW:CAREX_MOIST_MEADOW_MICROTOPO:BC34.0",-0.019261056849604
"514","BARROW:CAREX_WET_MEADOW_MICROTOPO:AB04.0",-0.00972897101270227
"515","BARROW:CAREX_WET_MEADOW_MICROTOPO:AB04.5",0.00405366535011174
"516","BARROW:CAREX_WET_MEADOW_MICROTOPO:AB05.0",0.00506437183729906
"517","BARROW:CAREX_WET_MEADOW_MICROTOPO:AB05.5",-0.00510113958919998
"518","BARROW:CAREX_WET_MEADOW_MICROTOPO:AB06.0",-0.00611050725515851
"519","BARROW:CAREX_WET_MEADOW_MICROTOPO:AB06.5",-0.0116636352537642
"520","BARROW:CAREX_WET_MEADOW_MICROTOPO:AB07.0",-0.0199023002180363
"521","BARROW:CAREX_WET_MEADOW_MICROTOPO:AB07.5",-0.00134300044941937
"522","BARROW:CAREX_WET_MEADOW_MICROTOPO:AB19.0",0.0382957344241307
"523","BARROW:CAREX_WET_MEADOW_MICROTOPO:AB20.5",-0.0552239350765562
"524","BARROW:CAREX_WET_MEADOW_MICROTOPO:AB21.0",0.0202032979647129
"525","BARROW:CAREX_WET_MEADOW_MICROTOPO:AB21.5",0.0333724243653964
"526","BARROW:CAREX_WET_MEADOW_MICROTOPO:AB22.0",0.0171386454605911
"527","BARROW:CAREX_WET_MEADOW_MICROTOPO:AB22.5",0.028801853045087
"528","BARROW:CAREX_WET_MEADOW_MICROTOPO:AB23.0",0.000970423654816345
"529","BARROW:CAREX_WET_MEADOW_MICROTOPO:AB23.5",-0.000587977289794689
"530","BARROW:CAREX_WET_MEADOW_MICROTOPO:AB24.0",-0.00375259388565236
"531","BARROW:CAREX_WET_MEADOW_MICROTOPO:BC04.0",0.00911888226131969
"532","BARROW:CAREX_WET_MEADOW_MICROTOPO:BC04.5",-0.0137863846046312
"533","BARROW:CAREX_WET_MEADOW_MICROTOPO:BC05.0",0.024268809949359
"534","BARROW:CAREX_WET_MEADOW_MICROTOPO:BC05.5",0.00930666842738736
"535","BARROW:CAREX_WET_MEADOW_MICROTOPO:BC06.0",-0.0192706037435102
"536","BARROW:CAREX_WET_MEADOW_MICROTOPO:BC06.5",-0.0169026957450032
"537","BARROW:CAREX_WET_MEADOW_MICROTOPO:BC07.0",0.0136622177457747
"538","BARROW:CAREX_WET_MEADOW_MICROTOPO:BC07.5",0.00947811799902045
"539","BARROW:CAREX_WET_MEADOW_MICROTOPO:BC19.0",0.0187288620314353
"540","BARROW:CAREX_WET_MEADOW_MICROTOPO:BC19.5",0.00349056673857217
"541","BARROW:CAREX_WET_MEADOW_MICROTOPO:BC20.0",0.0112230740298658
"542","BARROW:CAREX_WET_MEADOW_MICROTOPO:BC20.5",-0.00630422814205785
"543","BARROW:CAREX_WET_MEADOW_MICROTOPO:BC21.0",0.0320124994964172
"544","BARROW:CAREX_WET_MEADOW_MICROTOPO:BC21.5",0.0450361397665513
"545","BARROW:CAREX_WET_MEADOW_MICROTOPO:BC22.0",0.0338187605405636
"546","BARROW:CAREX_WET_MEADOW_MICROTOPO:BC22.5",0.0257006565393566
"547","BARROW:CAREX_WET_MEADOW_MICROTOPO:BC23.0",0.025046477915231
"548","BARROW:CAREX_WET_MEADOW_MICROTOPO:BC23.5",0.0312766058710294
"549","BARROW:CAREX_WET_MEADOW_MICROTOPO:BC24.0",0.00892898491150863
"550","BARROW:DRY_HEATH_ORDINATION:10",0.0155224326067309
"551","BARROW:DRY_HEATH_ORDINATION:11",0.00883303683080528
"552","BARROW:DRY_HEATH_ORDINATION:7",0.0155232654856597
"553","BARROW:DUPONTIA_WET_MEADOW_MICROTOPO:AB12.5",-0.0178240413151738
"554","BARROW:DUPONTIA_WET_MEADOW_MICROTOPO:AB13.0",-0.0218770629898545
"555","BARROW:DUPONTIA_WET_MEADOW_MICROTOPO:AB29.5",0.00591628791280217
"556","BARROW:DUPONTIA_WET_MEADOW_MICROTOPO:AB30.0",0.00492224995500352
"557","BARROW:DUPONTIA_WET_MEADOW_MICROTOPO:BC13.0",0.0416652660506916
"558","BARROW:DUPONTIA_WET_MEADOW_MICROTOPO:BC29.5",0.0048144418548229
"559","BARROW:DUPONTIA_WET_MEADOW_MICROTOPO:BC30.0",0.00626895011997419
"560","BARROW:DUPONTIA_WET_MEADOW_MICROTOPO:BC30.5",0.0168837493461971
"561","BROOKS:SHEEN-B:10",0.00455230159058936
"562","BROOKS:SHEEN-B:2",0.017503442593173
"563","BROOKS:SHEEN-B:4",0.000753621868944703
"564","BROOKS:SHEEN-B:5",-0.000589174774648526
"565","BROOKS:SHEEN-B:6",-0.00860076239436075
"566","BROOKS:SHEEN-B:7",-0.000396094440281148
"567","BROOKS:SHEEN-B:8",0.00678681589888179
"568","BROOKS:SHEEN-B:9",0.00507244870299749
"569","BYLOT:MESPOLYGON:64_1",0.0441042666632123
"570","BYLOT:MESPOLYGON:64_2",0.00703208500320003
"571","BYLOT:MESPOLYGON:65_1",0.0121837365521178
"572","BYLOT:MESPOLYGON:65_2",-0.054178014272103
"573","BYLOT:MESPOLYGON:66_1",-0.000716114850514547
"574","BYLOT:MESPOLYGON:66_2",0.0177227581782796
"575","BYLOT:MESPOLYGON:67_1",0.0303393023129861
"576","BYLOT:MESPOLYGON:67_2",-0.00206089300175997
"577","BYLOT:MESPOLYGON:68_1",0.0143056134471773
"578","BYLOT:MESPOLYGON:68_2",0.00298682172169861
"579","BYLOT:MESPOLYGON:69_1",0.0162132273059711
"580","BYLOT:MESPOLYGON:69_2",-0.00947253803286753
"581","BYLOT:MESPOLYGON:70_1",-0.0129809198453266
"582","BYLOT:MESPOLYGON:70_2",0.0200979377820681
"583","BYLOT:MESPOLYGON:71_1",-0.027610290370025
"584","BYLOT:MESPOLYGON:71_2",0.0144180759948069
"585","BYLOT:MESPOLYGON:72_1",-0.012997991115702
"586","BYLOT:MESPOLYGON:72_2",0.00655146390499031
"587","BYLOT:MESPOLYGON:73_1",-0.00226018001908834
"588","BYLOT:MESPOLYGON:73_2",0.00164809760478525
"589","BYLOT:MESPOLYGON:74_1",0.0136679642741802
"590","BYLOT:MESPOLYGON:74_2",0.0171350351354119
"591","BYLOT:MESPOLYGON:75_1",0.0128567939515462
"592","BYLOT:MESPOLYGON:75_2",0.0467459048616862
"593","BYLOT:MESPRAIRIE:52_1",0.00275916774484179
"594","BYLOT:MESPRAIRIE:52_2",0.00516989762266096
"595","BYLOT:MESPRAIRIE:53_1",0.00221972665489066
"596","BYLOT:MESPRAIRIE:53_2",0.021585892248624
"597","BYLOT:MESPRAIRIE:54_1",0.0360330643511696
"598","BYLOT:MESPRAIRIE:54_2",0.00778717170714911
"599","BYLOT:MESPRAIRIE:55_1",0.00929763912978649
"600","BYLOT:MESPRAIRIE:55_2",0.00502508501557566
"601","BYLOT:MESPRAIRIE:56_1",0.0139986438126016
"602","BYLOT:MESPRAIRIE:56_2",0.00474562402155989
"603","BYLOT:MESPRAIRIE:57_1",0.0109623517594841
"604","BYLOT:MESPRAIRIE:57_2",0.0381494473889071
"605","BYLOT:MESPRAIRIE:58_1",-0.00620489120313076
"606","BYLOT:MESPRAIRIE:58_2",-0.0138583653511835
"607","BYLOT:MESPRAIRIE:59_1",0.0352768751912792
"608","BYLOT:MESPRAIRIE:59_2",-0.0163777915622117
"609","BYLOT:MESPRAIRIE:60_1",-0.0137860181540601
"610","BYLOT:MESPRAIRIE:60_2",0.0137790194190574
"611","BYLOT:MESPRAIRIE:61_1",0.0657219405642165
"612","BYLOT:MESPRAIRIE:61_2",0.050604012687914
"613","BYLOT:MESPRAIRIE:62_1",-0.00485461084825011
"614","BYLOT:MESPRAIRIE:62_2",0.00216781542775701
"615","BYLOT:MESPRAIRIE:63_1",0.0204161377215217
"616","BYLOT:MESPRAIRIE:63_2",-0.00513933375499122
"617","DISKO:DISTURBANCE:A1.6",-0.00724144431238796
"618","DISKO:DISTURBANCE:A2.2",0.00251916614387078
"619","DISKO:DISTURBANCE:A3.3",-0.000351231520831064
"620","DISKO:DISTURBANCE:A4.3",0.0010358122459306
"621","DISKO:DISTURBANCE:A5.1",-0.0025154720531765
"622","DISKO:DISTURBANCE:A6.1",-0.00395024179371553
"623","DISKO:DISTURBANCE:B1.2",0.00159124935691399
"624","DISKO:DISTURBANCE:B2.2",-0.00478852305063131
"625","DISKO:DISTURBANCE:B3.4",0.0062453860198417
"626","DISKO:DISTURBANCE:B4.5",-0.00455857272536528
"627","DISKO:DISTURBANCE:B5.2",-0.00372655445061519
"628","DISKO:DISTURBANCE:B6.5",0.000882247636116343
"629","DISKO:DISTURBANCE:C1.3",0.00187701076204892
"630","DISKO:DISTURBANCE:C4.3",0.00471791484742901
"631","DISKO:DISTURBANCE:C5.3",-0.0022990071762115
"632","ENDALEN:BIS-H:BIS-H1",0.00496234938875693
"633","ENDALEN:BIS-H:BIS-H2",5.05475381404741e-05
"634","ENDALEN:BIS-H:BIS-H3",0.0712428030568337
"635","ENDALEN:BIS-H:BIS-H4",0.00342410721274804
"636","ENDALEN:BIS-H:BIS-H5",0.00848570216681749
"637","ENDALEN:BIS-L:BIS-L10",-0.00659047275655171
"638","ENDALEN:BIS-L:BIS-L2",0.0105324512941254
"639","ENDALEN:BIS-L:BIS-L3",-0.00513976137463274
"640","ENDALEN:BIS-L:BIS-L6",0.0292425780097111
"641","ENDALEN:BIS-L:BIS-L8",-0.016049729474838
"642","ENDALEN:CAS-H:CAS-H1",-0.0485794573086058
"643","ENDALEN:CAS-H:CAS-H2",-0.00359911593092634
"644","ENDALEN:CAS-H:CAS-H3",0.0100307178470847
"645","ENDALEN:CAS-H:CAS-H4",0.00593634266418928
"646","ENDALEN:CAS-H:CAS-H5",3.53578069993132e-05
"647","ENDALEN:CAS-L:CAS-L1",0.0216793916405237
"648","ENDALEN:CAS-L:CAS-L10",0.027677269975731
"649","ENDALEN:CAS-L:CAS-L3",0.0247580789046551
"650","ENDALEN:CAS-L:CAS-L7",-0.00446964991258757
"651","ENDALEN:CAS-L:CAS-L9",0.0317825853332865
"652","ENDALEN:DRY-H:DRY-H1",0.00810223550711356
"653","ENDALEN:DRY-H:DRY-H2",0.0103987639461115
"654","ENDALEN:DRY-H:DRY-H3",-0.0288259846084573
"655","ENDALEN:DRY-H:DRY-H4",-0.0205982163656256
"656","ENDALEN:DRY-H:DRY-H5",-0.0217866238538714
"657","ENDALEN:DRY-L:DRY-L1",0.000132718873719517
"658","ENDALEN:DRY-L:DRY-L2",7.74530275665924e-06
"659","ENDALEN:DRY-L:DRY-L5",0.000262284971468211
"660","ENDALEN:DRY-L:DRY-L7",0.00831320437581104
"661","ENDALEN:DRY-L:DRY-L8",0.00397214985036169
"662","FURI:FURI4:FURI4_T1",-0.0324431397094234
"663","FURI:FURI4:FURI4_T10",-0.00674481682463096
"664","FURI:FURI4:FURI4_T11",0.0133997054713275
"665","FURI:FURI4:FURI4_T12",0.00518637729642838
"666","FURI:FURI4:FURI4_T13",0.0079168957362813
"667","FURI:FURI4:FURI4_T14",-0.0296268308075478
"668","FURI:FURI4:FURI4_T15",0.0241566763339635
"669","FURI:FURI4:FURI4_T16",-0.0101421788435223
"670","FURI:FURI4:FURI4_T17",-0.00575681157304399
"671","FURI:FURI4:FURI4_T18",0.0392939031409017
"672","FURI:FURI4:FURI4_T19",-0.0275897941618879
"673","FURI:FURI4:FURI4_T2",0.00353602285444106
"674","FURI:FURI4:FURI4_T20",-0.00730041587470899
"675","FURI:FURI4:FURI4_T3",-0.00211886876985868
"676","FURI:FURI4:FURI4_T4",-0.0164390458499612
"677","FURI:FURI4:FURI4_T5",0.0281315651213384
"678","FURI:FURI4:FURI4_T6",-0.00236537337330423
"679","FURI:FURI4:FURI4_T7",0.0112538720133159
"680","FURI:FURI4:FURI4_T8",-0.0116791728736046
"681","FURI:FURI4:FURI4_T9",0.0117344649493303
"682","FURI:FURI5:FURI5_T1",-0.0242804991686504
"683","FURI:FURI5:FURI5_T10",-0.00915709405434727
"684","FURI:FURI5:FURI5_T11",-0.0117950688305562
"685","FURI:FURI5:FURI5_T12",-0.0240867035342101
"686","FURI:FURI5:FURI5_T13",0.00014167492619056
"687","FURI:FURI5:FURI5_T14",-0.018847318154255
"688","FURI:FURI5:FURI5_T15",0.00164517295165713
"689","FURI:FURI5:FURI5_T16",-0.0113200466576665
"690","FURI:FURI5:FURI5_T17",-0.00429779844076008
"691","FURI:FURI5:FURI5_T18",0.0080711306021795
"692","FURI:FURI5:FURI5_T19",0.00332765314853511
"693","FURI:FURI5:FURI5_T2",0.00577956206872903
"694","FURI:FURI5:FURI5_T20",0.0292037897051957
"695","FURI:FURI5:FURI5_T3",-0.00847416834300133
"696","FURI:FURI5:FURI5_T4",-0.00810709466928815
"697","FURI:FURI5:FURI5_T5",-0.0208853452211083
"698","FURI:FURI5:FURI5_T6",-0.00429289232615539
"699","FURI:FURI5:FURI5_T7",-0.0083115633866373
"700","FURI:FURI5:FURI5_T8",-0.0111347705691665
"701","FURI:FURI5:FURI5_T9",-0.0210823280556207
"702","FURI:FURI6:FURI6_T1",0.0108786715632833
"703","FURI:FURI6:FURI6_T10",-0.017941776064031
"704","FURI:FURI6:FURI6_T11",-0.0328831580607701
"705","FURI:FURI6:FURI6_T12",-0.0127990231895521
"706","FURI:FURI6:FURI6_T13",-0.0219394750085155
"707","FURI:FURI6:FURI6_T14",-0.00134183291820578
"708","FURI:FURI6:FURI6_T15",-0.00328283552227262
"709","FURI:FURI6:FURI6_T16",-0.0228318998893726
"710","FURI:FURI6:FURI6_T17",0.00284548263096301
"711","FURI:FURI6:FURI6_T18",0.00153487229121612
"712","FURI:FURI6:FURI6_T19",-0.00696088297435538
"713","FURI:FURI6:FURI6_T2",-0.02006001994257
"714","FURI:FURI6:FURI6_T20",-0.0176376745282242
"715","FURI:FURI6:FURI6_T3",0.00546908923739428
"716","FURI:FURI6:FURI6_T4",0.0124162999054952
"717","FURI:FURI6:FURI6_T5",0.0153434722789531
"718","FURI:FURI6:FURI6_T6",0.00442837939508686
"719","FURI:FURI6:FURI6_T7",0.0187070867913923
"720","FURI:FURI6:FURI6_T8",-0.0205355657900314
"721","FURI:FURI6:FURI6_T9",-0.00517972329839518
"722","KANGER:DOPEY:B_GRAZED",0.0119318339695471
"723","KANGER:SNEEZY:A_GRAZED",0.00427120567211674
"724","KANGER:SNEEZY:G_GRAZED",-0.0381313914175258
"725","KILPISJARVI:KILPISJARVI:C1",0.00440410489962322
"726","KILPISJARVI:KILPISJARVI:C2",0.0144717607199604
"727","KILPISJARVI:KILPISJARVI:C3",0.00465271868032708
"728","KILPISJARVI:KILPISJARVI:C4",0.0165720669729795
"729","KILPISJARVI:KILPISJARVI:C5",0.00410112772654337
"730","LATNJA:DRY_HEATH:C1",-0.000418163858113697
"731","LATNJA:DRY_HEATH:C2",-0.00316314147857855
"732","LATNJA:DRY_HEATH:C3",-0.00462478186659248
"733","LATNJA:DRY_HEATH:C4",0.0061950206888223
"734","LATNJA:DRY_HEATH:C5",0.00291336586725829
"735","LATNJA:DRY_MEADOW:C1",0.00247886135987335
"736","LATNJA:DRY_MEADOW:C2",0.00440861454634664
"737","LATNJA:DRY_MEADOW:C3",0.00165137175721986
"738","LATNJA:DRY_MEADOW:C4",0.00348906110233863
"739","LATNJA:DRY_MEADOW:C5",9.48960358734572e-05
"740","LATNJA:POOR_HEATH:Clip 3 B",-0.0132252202735003
"741","LATNJA:POOR_HEATH:Clip 3 C1",-0.0235227636040316
"742","LATNJA:POOR_HEATH:Clip 3 C2",0.0121218817057011
"743","LATNJA:POOR_HEATH:Clip 3 C3",-0.014788843527641
"744","LATNJA:POOR_HEATH:Clip 4 B",-0.00113124495789274
"745","LATNJA:POOR_HEATH:Clip 4 C1",-0.00809762396701891
"746","LATNJA:POOR_HEATH:Clip 4 C2",-0.0316492700700131
"747","LATNJA:POOR_HEATH:Clip 4 C3",-0.00514357708479681
"748","LATNJA:RICH_MEADOW:Clip 1 B",0.000682313101973743
"749","LATNJA:RICH_MEADOW:Clip 1 C1",-0.00782154915702641
"750","LATNJA:RICH_MEADOW:Clip 1 C2",0.00366614717911015
"751","LATNJA:RICH_MEADOW:Clip 1 C3",0.000777854893467982
"752","LATNJA:RICH_MEADOW:Clip 2 B",-0.00812180176444019
"753","LATNJA:RICH_MEADOW:Clip 2 C1",-0.00390545611343549
"754","LATNJA:RICH_MEADOW:Clip 2 C2",-0.00124489232565643
"755","LATNJA:RICH_MEADOW:Clip 2 C3",-0.00177757007216175
"756","LATNJA:TUSSOCK_TUNDRA:C1",0.00835358065273786
"757","LATNJA:TUSSOCK_TUNDRA:C2",0.00636016107476363
"758","LATNJA:TUSSOCK_TUNDRA:C3",0.00916620251897502
"759","LATNJA:TUSSOCK_TUNDRA:C4",0.0134141841062752
"760","LATNJA:TUSSOCK_TUNDRA:C5",0.0119981231033399
"761","LATNJA:WET_MEADOW:C1",0.00530269389837014
"762","LATNJA:WET_MEADOW:C2",-0.00351565868286117
"763","LATNJA:WET_MEADOW:C3",0.00218717115847339
"764","LATNJA:WET_MEADOW:C4",0.0110505919665472
"765","LATNJA:WET_MEADOW:C5",0.000355379096745026
"766","LOGH:LOGH2:LOGH2_T1",-0.0139196122284406
"767","LOGH:LOGH2:LOGH2_T10",-0.0191223181860854
"768","LOGH:LOGH2:LOGH2_T11",-0.0136168172481428
"769","LOGH:LOGH2:LOGH2_T12",-0.0202937151829942
"770","LOGH:LOGH2:LOGH2_T2",-0.0163566321363556
"771","LOGH:LOGH2:LOGH2_T3",-0.00952547920981903
"772","LOGH:LOGH2:LOGH2_T4",-0.024744503037472
"773","LOGH:LOGH2:LOGH2_T5",0.0110194054500739
"774","LOGH:LOGH2:LOGH2_T6",-0.0135539445718672
"775","LOGH:LOGH2:LOGH2_T7",-0.0111131091833416
"776","LOGH:LOGH2:LOGH2_T8",0.00517171889086612
"777","LOGH:LOGH2:LOGH2_T9",-0.00581178101573926
"778","LOGH:LOGH4:LOGH4_T1",0.0221980695405416
"779","LOGH:LOGH4:LOGH4_T10",-0.00137168104100537
"780","LOGH:LOGH4:LOGH4_T11",0.0122329113273952
"781","LOGH:LOGH4:LOGH4_T12",-0.00627725517456135
"782","LOGH:LOGH4:LOGH4_T2",0.00880097093747417
"783","LOGH:LOGH4:LOGH4_T3",-0.018614342995339
"784","LOGH:LOGH4:LOGH4_T4",-0.00357031256870091
"785","LOGH:LOGH4:LOGH4_T5",0.0152978866402221
"786","LOGH:LOGH4:LOGH4_T6",0.00947209902728434
"787","LOGH:LOGH4:LOGH4_T7",0.0223244068095628
"788","LOGH:LOGH4:LOGH4_T8",-0.0252488817034665
"789","LOGH:LOGH4:LOGH4_T9",-0.0253462607459485
"790","LOGH:LOGH5:LOGH5_T1",0.00082915461441189
"791","LOGH:LOGH5:LOGH5_T10",-0.0133072347883696
"792","LOGH:LOGH5:LOGH5_T11",0.0114956282767467
"793","LOGH:LOGH5:LOGH5_T12",0.0174938484546123
"794","LOGH:LOGH5:LOGH5_T2",-0.00500221523813201
"795","LOGH:LOGH5:LOGH5_T3",0.000747007318217179
"796","LOGH:LOGH5:LOGH5_T4",0.0235337682052801
"797","LOGH:LOGH5:LOGH5_T5",-0.000120535411166
"798","LOGH:LOGH5:LOGH5_T6",0.00657118223516341
"799","LOGH:LOGH5:LOGH5_T7",0.0291316687888064
"800","LOGH:LOGH5:LOGH5_T8",-0.00221625635576674
"801","LOGH:LOGH5:LOGH5_T9",0.0330059118587409
"802","LORI:LORI1:LORI1_T1",-0.0142330860149161
"803","LORI:LORI1:LORI1_T10",0.00518499178166083
"804","LORI:LORI1:LORI1_T11",0.00810969355445807
"805","LORI:LORI1:LORI1_T12",-0.0131523949011181
"806","LORI:LORI1:LORI1_T13",0.00904550016934822
"807","LORI:LORI1:LORI1_T14",-0.0026622756895225
"808","LORI:LORI1:LORI1_T15",0.0176530660169761
"809","LORI:LORI1:LORI1_T16",0.00449886728354774
"810","LORI:LORI1:LORI1_T17",0.0134055873270911
"811","LORI:LORI1:LORI1_T18",-0.00121306178154287
"812","LORI:LORI1:LORI1_T19",0.00389730139637924
"813","LORI:LORI1:LORI1_T2",-0.00763043522804583
"814","LORI:LORI1:LORI1_T20",-0.00736411015707616
"815","LORI:LORI1:LORI1_T3",-0.00347664323914267
"816","LORI:LORI1:LORI1_T4",-0.0052003064592973
"817","LORI:LORI1:LORI1_T5",-0.00618896063948175
"818","LORI:LORI1:LORI1_T6",0.0135684955534299
"819","LORI:LORI1:LORI1_T7",0.0063778860088078
"820","LORI:LORI1:LORI1_T8",0.00441291771147913
"821","LORI:LORI1:LORI1_T9",-0.00785504616043116
"822","LORI:LORI3:LORI3_T1",0.00788963634824879
"823","LORI:LORI3:LORI3_T10",0.00502665722970874
"824","LORI:LORI3:LORI3_T11",-0.00292912439212298
"825","LORI:LORI3:LORI3_T12",-0.0147027082299835
"826","LORI:LORI3:LORI3_T13",-0.00855256410321147
"827","LORI:LORI3:LORI3_T14",-0.00846692347278558
"828","LORI:LORI3:LORI3_T15",-0.00991897899186076
"829","LORI:LORI3:LORI3_T16",-0.00182494956361159
"830","LORI:LORI3:LORI3_T17",-0.00985764568356255
"831","LORI:LORI3:LORI3_T18",0.00659813675166095
"832","LORI:LORI3:LORI3_T19",-0.0111885168506597
"833","LORI:LORI3:LORI3_T2",-0.0105055824220569
"834","LORI:LORI3:LORI3_T20",-0.00259506269370979
"835","LORI:LORI3:LORI3_T3",-0.0165029932031057
"836","LORI:LORI3:LORI3_T4",-0.0189120302477805
"837","LORI:LORI3:LORI3_T5",-0.00172851490949344
"838","LORI:LORI3:LORI3_T6",0.002565618341441
"839","LORI:LORI3:LORI3_T7",-0.00516357183589652
"840","LORI:LORI3:LORI3_T8",-0.00764387722319212
"841","LORI:LORI3:LORI3_T9",-0.0030818401807177
"842","LORI:LORI4:LORI4_T1",0.0107232891329405
"843","LORI:LORI4:LORI4_T10",-0.0200476871176234
"844","LORI:LORI4:LORI4_T11",-0.00355304338901804
"845","LORI:LORI4:LORI4_T12",0.00358159430224228
"846","LORI:LORI4:LORI4_T13",-0.0037984216046393
"847","LORI:LORI4:LORI4_T14",0.000378682642637733
"848","LORI:LORI4:LORI4_T15",0.00323132389000275
"849","LORI:LORI4:LORI4_T16",0.0107280884890193
"850","LORI:LORI4:LORI4_T17",-0.017526039801482
"851","LORI:LORI4:LORI4_T18",0.0185734577839659
"852","LORI:LORI4:LORI4_T19",0.0170875669770244
"853","LORI:LORI4:LORI4_T2",0.0149928655924901
"854","LORI:LORI4:LORI4_T20",0.00608343249942588
"855","LORI:LORI4:LORI4_T3",0.00615010953854705
"856","LORI:LORI4:LORI4_T4",0.0211789492134851
"857","LORI:LORI4:LORI4_T5",-0.00593323147565532
"858","LORI:LORI4:LORI4_T6",0.00210796438666947
"859","LORI:LORI4:LORI4_T7",0.0077501445182417
"860","LORI:LORI4:LORI4_T8",0.00943466270844772
"861","LORI:LORI4:LORI4_T9",0.0303847829998333
"862","QHI:HE:1",0.00561109109162323
"863","QHI:HE:2",-0.000382070926223287
"864","QHI:HE:3",0.00146274290436517
"865","QHI:HE:5",0.00274705018473372
"866","QHI:HE:6",0.00202982769885896
"867","QHI:KO:1",-0.00624955816690016
"868","QHI:KO:2",0.000468855900935858
"869","QHI:KO:3",0.000252139279823458
"870","QHI:KO:4",0.0011728670100203
"871","QHI:KO:5",0.00516403036176261
"872","QHI:KO:6",0.00192307625573186
"873","RIRI:RIRI2:RIRI2_T1",-0.0102988625512257
"874","RIRI:RIRI2:RIRI2_T10",-0.00628941194897411
"875","RIRI:RIRI2:RIRI2_T11",-0.0250372699080884
"876","RIRI:RIRI2:RIRI2_T12",0.0136924779389843
"877","RIRI:RIRI2:RIRI2_T13",-0.00571407584815594
"878","RIRI:RIRI2:RIRI2_T14",0.00346697773294701
"879","RIRI:RIRI2:RIRI2_T15",-0.0168655727991811
"880","RIRI:RIRI2:RIRI2_T16",-0.0217348511648197
"881","RIRI:RIRI2:RIRI2_T17",-0.0124769284123652
"882","RIRI:RIRI2:RIRI2_T18",-0.00596602236635724
"883","RIRI:RIRI2:RIRI2_T19",-0.0302092539179929
"884","RIRI:RIRI2:RIRI2_T2",0.00434098214306531
"885","RIRI:RIRI2:RIRI2_T20",-0.000435304537799414
"886","RIRI:RIRI2:RIRI2_T3",-0.00745616119483388
"887","RIRI:RIRI2:RIRI2_T4",-0.00721316842213958
"888","RIRI:RIRI2:RIRI2_T5",-0.00994945667674267
"889","RIRI:RIRI2:RIRI2_T6",-0.00195968880012469
"890","RIRI:RIRI2:RIRI2_T7",-0.00521030013385799
"891","RIRI:RIRI2:RIRI2_T8",-0.008314030236467
"892","RIRI:RIRI2:RIRI2_T9",-0.00647925970049811
"893","RIRI:RIRI4:RIRI4_T1",-0.00559860752994706
"894","RIRI:RIRI4:RIRI4_T10",0.0205037960691613
"895","RIRI:RIRI4:RIRI4_T11",-0.02653896381162
"896","RIRI:RIRI4:RIRI4_T12",-0.0128567980408002
"897","RIRI:RIRI4:RIRI4_T13",-0.0044091957923812
"898","RIRI:RIRI4:RIRI4_T14",0.00110247271270746
"899","RIRI:RIRI4:RIRI4_T15",-0.00956123786077406
"900","RIRI:RIRI4:RIRI4_T16",0.00934462719176529
"901","RIRI:RIRI4:RIRI4_T17",0.00557567718530489
"902","RIRI:RIRI4:RIRI4_T18",-0.00378148128931006
"903","RIRI:RIRI4:RIRI4_T19",-0.0100012948577763
"904","RIRI:RIRI4:RIRI4_T20",-0.00751595120107124
"905","RIRI:RIRI4:RIRI4_T3",0.0152744547813481
"906","RIRI:RIRI4:RIRI4_T4",0.00458528892146437
"907","RIRI:RIRI4:RIRI4_T5",0.00301253841148276
"908","RIRI:RIRI4:RIRI4_T6",0.00318572701425713
"909","RIRI:RIRI4:RIRI4_T7",0.0134702287739138
"910","RIRI:RIRI4:RIRI4_T8",0.0271007127634148
"911","RIRI:RIRI4:RIRI4_T9",0.00420414299405727
"912","RIRI:RIRI6:RIRI6_T1",0.0110594862839224
"913","RIRI:RIRI6:RIRI6_T10",-0.011796173817246
"914","RIRI:RIRI6:RIRI6_T11",-0.0119704406017996
"915","RIRI:RIRI6:RIRI6_T12",0.0100512389727817
"916","RIRI:RIRI6:RIRI6_T13",0.00549269104729891
"917","RIRI:RIRI6:RIRI6_T14",0.00730806464663052
"918","RIRI:RIRI6:RIRI6_T15",-0.00293663879874745
"919","RIRI:RIRI6:RIRI6_T16",0.00745366359642783
"920","RIRI:RIRI6:RIRI6_T17",-0.00203001323726863
"921","RIRI:RIRI6:RIRI6_T18",-0.01545760161615
"922","RIRI:RIRI6:RIRI6_T19",0.00939998758914784
"923","RIRI:RIRI6:RIRI6_T2",0.0189348819964919
"924","RIRI:RIRI6:RIRI6_T20",-0.00942452989995867
"925","RIRI:RIRI6:RIRI6_T3",-0.00722977383224846
"926","RIRI:RIRI6:RIRI6_T4",-0.0025599064224989
"927","RIRI:RIRI6:RIRI6_T5",-0.0137084779420972
"928","RIRI:RIRI6:RIRI6_T6",-0.0127491100427473
"929","RIRI:RIRI6:RIRI6_T7",0.00494740726034245
"930","RIRI:RIRI6:RIRI6_T8",0.0136867061723065
"931","RIRI:RIRI6:RIRI6_T9",-0.0114578599680488
"932","SADVENT:MES_POINTFRAME:DCUA",0.0131688487259634
"933","SADVENT:MES_POINTFRAME:DDUA",0.0240183350132389
"934","SADVENT:MES_POINTFRAME:DEUA",-0.0134751370452814
"935","SADVENT:MES_POINTFRAME:DFUA",-0.0080762186186395
"936","THINGVELLIR:MOSS HEATH:1",0.000205093253291787
"937","THINGVELLIR:MOSS HEATH:10",-0.0103206471410836
"938","THINGVELLIR:MOSS HEATH:2",0.00148791342501256
"939","THINGVELLIR:MOSS HEATH:3",-0.0116489333782758
"940","THINGVELLIR:MOSS HEATH:4",-0.00874201790372953
"941","THINGVELLIR:MOSS HEATH:5",-0.000511757049544905
"942","THINGVELLIR:MOSS HEATH:6",-0.00166674514782752
"943","THINGVELLIR:MOSS HEATH:7",-0.00472475203591614
"944","THINGVELLIR:MOSS HEATH:8",0.00237847404431057
"945","THINGVELLIR:MOSS HEATH:9",-0.00123125256265849
"946","THUFUVER:PALSA:PALSA1_1",-0.0046328678711984
"947","THUFUVER:PALSA:PALSA1_10",-0.00882589311162712
"948","THUFUVER:PALSA:PALSA1_2",0.00158690782140942
"949","THUFUVER:PALSA:PALSA1_3",0.00340710060429188
"950","THUFUVER:PALSA:PALSA1_4",0.00708397955292327
"951","THUFUVER:PALSA:PALSA1_5",0.000769488083979492
"952","THUFUVER:PALSA:PALSA1_6",-0.0117450168830523
"953","THUFUVER:PALSA:PALSA1_7",0.00375584555011725
"954","THUFUVER:PALSA:PALSA1_8",0.00070254650138861
"955","THUFUVER:PALSA:PALSA1_9",0.00261750873374846
"956","THUFUVER:PALSA:PALSA2_1",-0.00041453761947824
"957","THUFUVER:PALSA:PALSA2_10",-0.0017482743133347
"958","THUFUVER:PALSA:PALSA2_11",-0.000717760498556867
"959","THUFUVER:PALSA:PALSA2_12",-0.00780673269728768
"960","THUFUVER:PALSA:PALSA2_13",-0.0106153683843041
"961","THUFUVER:PALSA:PALSA2_14",-0.016299209454078
"962","THUFUVER:PALSA:PALSA2_15",-0.00124403783840313
"963","THUFUVER:PALSA:PALSA2_16",-0.00437524435801479
"964","THUFUVER:PALSA:PALSA2_17",-0.00430596195352942
"965","THUFUVER:PALSA:PALSA2_18",-0.000110470072087116
"966","THUFUVER:PALSA:PALSA2_19",0.00305135638070426
"967","THUFUVER:PALSA:PALSA2_2",-0.00228270008509585
"968","THUFUVER:PALSA:PALSA2_20",-0.00228293486683023
"969","THUFUVER:PALSA:PALSA2_3",-0.00472272030199675
"970","THUFUVER:PALSA:PALSA2_4",-0.000382482929843436
"971","THUFUVER:PALSA:PALSA2_5",-0.00220840120115827
"972","THUFUVER:PALSA:PALSA2_6",-0.00292984585521873
"973","THUFUVER:PALSA:PALSA2_7",-0.00468366706921684
"974","THUFUVER:PALSA:PALSA2_8",-0.00479042134709755
"975","THUFUVER:PALSA:PALSA2_9",0.000689308084669259
"976","THUFUVER:PALSA:PALSA3_1",0.00237580958033004
"977","THUFUVER:PALSA:PALSA3_10",-0.00214112449958004
"978","THUFUVER:PALSA:PALSA3_11",-0.00685199691290155
"979","THUFUVER:PALSA:PALSA3_12",-0.0132213166809724
"980","THUFUVER:PALSA:PALSA3_13",-4.9584662648885e-05
"981","THUFUVER:PALSA:PALSA3_14",-0.00286650065287978
"982","THUFUVER:PALSA:PALSA3_15",-0.00744369097715638
"983","THUFUVER:PALSA:PALSA3_17",-0.00406679939848833
"984","THUFUVER:PALSA:PALSA3_18",-0.00791337612299126
"985","THUFUVER:PALSA:PALSA3_19",0.00377986196385418
"986","THUFUVER:PALSA:PALSA3_2",-0.00761534869382042
"987","THUFUVER:PALSA:PALSA3_20",0.00311944012612594
"988","THUFUVER:PALSA:PALSA3_3",0.00449850260443799
"989","THUFUVER:PALSA:PALSA3_4",0.00039523825735232
"990","THUFUVER:PALSA:PALSA3_5",-3.7476056759462e-05
"991","THUFUVER:PALSA:PALSA3_6",-0.0025083604922416
"992","THUFUVER:PALSA:PALSA3_7",-0.00325272927189701
"993","THUFUVER:PALSA:PALSA3_8",0.0042388045002236
"994","THUFUVER:PALSA:PALSA3_9",-0.0112938664564978
"995","THUFUVER:PALSA:PALSA4_1",-0.00815290865119509
"996","THUFUVER:PALSA:PALSA4_10",0.00456572434919954
"997","THUFUVER:PALSA:PALSA4_2",0.00171885067433932
"998","THUFUVER:PALSA:PALSA4_3",-0.00550865934848661
"999","THUFUVER:PALSA:PALSA4_4",0.000982488645690714
"1000","THUFUVER:PALSA:PALSA4_5",-0.00102490564555091
"1001","THUFUVER:PALSA:PALSA4_6",0.00403689923658487
"1002","THUFUVER:PALSA:PALSA4_7",5.62287123281392e-06
"1003","THUFUVER:PALSA:PALSA4_8",-0.00456796842949983
"1004","THUFUVER:PALSA:PALSA4_9",0.0065495342089912
"1005","THUFUVER:PALSA:PALSA5_1",-0.0250557975086364
"1006","THUFUVER:PALSA:PALSA5_2",-0.0148385495060431
"1007","THUFUVER:PALSA:PALSA5_3",-0.0151478195166719
"1008","THUFUVER:PALSA:PALSA5_4",-0.00742371893654725
"1009","THUFUVER:PALSA:PALSA5_5",-0.00128801747324253
"1010","THUFUVER:PALSA:PALSA5_6",-0.0172803203736684
"1011","THUFUVER:PALSA:PALSA5_7",-0.00747487455787421
"1012","THUFUVER:PALSA:PALSA5_8",0.00675965843825285
"1013","THUFUVER:PALSA:PALSA5_9",-0.00794179583089241
"1014","THUFUVER:SALIXHEATH:SALIXHEATH1_1",-0.00316547901071005
"1015","THUFUVER:SALIXHEATH:SALIXHEATH1_10",-0.000902357505766192
"1016","THUFUVER:SALIXHEATH:SALIXHEATH1_11",0.00254191757533802
"1017","THUFUVER:SALIXHEATH:SALIXHEATH1_12",-0.00620262011521063
"1018","THUFUVER:SALIXHEATH:SALIXHEATH1_13",-0.00513765750632108
"1019","THUFUVER:SALIXHEATH:SALIXHEATH1_14",-0.00667805270352782
"1020","THUFUVER:SALIXHEATH:SALIXHEATH1_15",0.00784276817240732
"1021","THUFUVER:SALIXHEATH:SALIXHEATH1_16",0.00267526803714612
"1022","THUFUVER:SALIXHEATH:SALIXHEATH1_17",-0.00225998948590731
"1023","THUFUVER:SALIXHEATH:SALIXHEATH1_18",-0.0102368738750982
"1024","THUFUVER:SALIXHEATH:SALIXHEATH1_19",-0.00644647038119769
"1025","THUFUVER:SALIXHEATH:SALIXHEATH1_2",-0.0154206449001297
"1026","THUFUVER:SALIXHEATH:SALIXHEATH1_20",-0.00846319110838912
"1027","THUFUVER:SALIXHEATH:SALIXHEATH1_3",0.0152374086101789
"1028","THUFUVER:SALIXHEATH:SALIXHEATH1_4",0.00730116463528982
"1029","THUFUVER:SALIXHEATH:SALIXHEATH1_5",0.00563743970241805
"1030","THUFUVER:SALIXHEATH:SALIXHEATH1_6",0.00253927644948593
"1031","THUFUVER:SALIXHEATH:SALIXHEATH1_7",-0.00519446044944327
"1032","THUFUVER:SALIXHEATH:SALIXHEATH1_8",0.00159687483221884
"1033","THUFUVER:SALIXHEATH:SALIXHEATH1_9",-0.00312651257171167
"1034","THUFUVER:SALIXHEATH:SALIXHEATH2_1",-0.00147619589114264
"1035","THUFUVER:SALIXHEATH:SALIXHEATH2_10",-0.00338074193908408
"1036","THUFUVER:SALIXHEATH:SALIXHEATH2_11",-0.00787911519272245
"1037","THUFUVER:SALIXHEATH:SALIXHEATH2_12",0.000309844926127546
"1038","THUFUVER:SALIXHEATH:SALIXHEATH2_13",-0.00582183916599693
"1039","THUFUVER:SALIXHEATH:SALIXHEATH2_14",0.00228964039187061
"1040","THUFUVER:SALIXHEATH:SALIXHEATH2_15",0.00044626623564145
"1041","THUFUVER:SALIXHEATH:SALIXHEATH2_16",-0.00131541049469141
"1042","THUFUVER:SALIXHEATH:SALIXHEATH2_17",-0.00134113427070361
"1043","THUFUVER:SALIXHEATH:SALIXHEATH2_18",-0.00854262312100257
"1044","THUFUVER:SALIXHEATH:SALIXHEATH2_19",-0.0016552071473641
"1045","THUFUVER:SALIXHEATH:SALIXHEATH2_2",-0.00438825641045229
"1046","THUFUVER:SALIXHEATH:SALIXHEATH2_20",-0.00336657979174114
"1047","THUFUVER:SALIXHEATH:SALIXHEATH2_3",-0.0154534941491762
"1048","THUFUVER:SALIXHEATH:SALIXHEATH2_4",0.00204504811218399
"1049","THUFUVER:SALIXHEATH:SALIXHEATH2_5",-0.00364245243213559
"1050","THUFUVER:SALIXHEATH:SALIXHEATH2_6",-0.00129360501260575
"1051","THUFUVER:SALIXHEATH:SALIXHEATH2_7",0.0025924444726929
"1052","THUFUVER:SALIXHEATH:SALIXHEATH2_8",-0.00762985951082581
"1053","THUFUVER:SALIXHEATH:SALIXHEATH2_9",-0.00195121850343558
"1054","THUFUVER:SALIXHEATH:SALIXHEATH3_1",-0.0213053744066679
"1055","THUFUVER:SALIXHEATH:SALIXHEATH3_10",-0.0041605648309754
"1056","THUFUVER:SALIXHEATH:SALIXHEATH3_11",0.000988640141945616
"1057","THUFUVER:SALIXHEATH:SALIXHEATH3_12",-0.0147349125051345
"1058","THUFUVER:SALIXHEATH:SALIXHEATH3_13",-0.02795469215083
"1059","THUFUVER:SALIXHEATH:SALIXHEATH3_14",-0.0132729722875733
"1060","THUFUVER:SALIXHEATH:SALIXHEATH3_15",-0.010153523607505
"1061","THUFUVER:SALIXHEATH:SALIXHEATH3_16",-0.00202419560379925
"1062","THUFUVER:SALIXHEATH:SALIXHEATH3_17",-0.00358380009511947
"1063","THUFUVER:SALIXHEATH:SALIXHEATH3_18",-0.00284496265794719
"1064","THUFUVER:SALIXHEATH:SALIXHEATH3_19",-0.01286585733223
"1065","THUFUVER:SALIXHEATH:SALIXHEATH3_2",-0.00358514423236921
"1066","THUFUVER:SALIXHEATH:SALIXHEATH3_20",0.000423263201964245
"1067","THUFUVER:SALIXHEATH:SALIXHEATH3_3",-0.00999919093049016
"1068","THUFUVER:SALIXHEATH:SALIXHEATH3_4",-0.0105474334046472
"1069","THUFUVER:SALIXHEATH:SALIXHEATH3_5",-0.00552144807424603
"1070","THUFUVER:SALIXHEATH:SALIXHEATH3_6",-0.00163664208109925
"1071","THUFUVER:SALIXHEATH:SALIXHEATH3_7",-0.00628791761696952
"1072","THUFUVER:SALIXHEATH:SALIXHEATH3_8",-0.0119229628949656
"1073","THUFUVER:SALIXHEATH:SALIXHEATH3_9",-0.0128339917788517
"1074","TOOLIK:DRY:3",0.00468820233245727
"1075","TOOLIK:DRY:5",-0.00732414055965557
"1076","TOOLIK:DRY:6",-0.00585487282922478
"1077","TOOLIK:IMNAVAIT:1",0.00362827413848138
"1078","TOOLIK:IMNAVAIT:10",0.00427326434062662
"1079","TOOLIK:IMNAVAIT:11",0.0017329273437711
"1080","TOOLIK:IMNAVAIT:12",0.00179564670103974
"1081","TOOLIK:IMNAVAIT:13",-0.000561672055808231
"1082","TOOLIK:IMNAVAIT:14",-0.00542402252626522
"1083","TOOLIK:IMNAVAIT:15",-0.0139945862765961
"1084","TOOLIK:IMNAVAIT:16",-0.00786834046586564
"1085","TOOLIK:IMNAVAIT:19",0.00278143958982657
"1086","TOOLIK:IMNAVAIT:2",-0.00456237419398232
"1087","TOOLIK:IMNAVAIT:20",0.000326934485355923
"1088","TOOLIK:IMNAVAIT:21",0.000838436710487692
"1089","TOOLIK:IMNAVAIT:22",-0.00496561412654316
"1090","TOOLIK:IMNAVAIT:23",-0.000796990187105673
"1091","TOOLIK:IMNAVAIT:24",0.0065987602379805
"1092","TOOLIK:IMNAVAIT:25",-0.0123954763469647
"1093","TOOLIK:IMNAVAIT:26",-0.0017478263259675
"1094","TOOLIK:IMNAVAIT:27",0.00269578072214337
"1095","TOOLIK:IMNAVAIT:28",0.00100435363921477
"1096","TOOLIK:IMNAVAIT:29",0.00091795491624862
"1097","TOOLIK:IMNAVAIT:3",-0.000600136579526145
"1098","TOOLIK:IMNAVAIT:30",-0.00669363333038826
"1099","TOOLIK:IMNAVAIT:31",0.000704624501696298
"1100","TOOLIK:IMNAVAIT:33",0.00921293034552534
"1101","TOOLIK:IMNAVAIT:34",0.00120158442751386
"1102","TOOLIK:IMNAVAIT:35",0.000198365124963532
"1103","TOOLIK:IMNAVAIT:36",0.00267669124893633
"1104","TOOLIK:IMNAVAIT:37",-0.00445975204320843
"1105","TOOLIK:IMNAVAIT:38",-0.00286977387500465
"1106","TOOLIK:IMNAVAIT:39",-0.00180632499197588
"1107","TOOLIK:IMNAVAIT:4",-0.000115277305761182
"1108","TOOLIK:IMNAVAIT:40",0.000790573453688337
"1109","TOOLIK:IMNAVAIT:41",-0.00121404147588406
"1110","TOOLIK:IMNAVAIT:42",0.00764494251773834
"1111","TOOLIK:IMNAVAIT:43",-0.00529698617414398
"1112","TOOLIK:IMNAVAIT:44",-0.00210108788464278
"1113","TOOLIK:IMNAVAIT:45",-0.000347944158130202
"1114","TOOLIK:IMNAVAIT:46",-0.001698008264565
"1115","TOOLIK:IMNAVAIT:47",-0.00351805374892205
"1116","TOOLIK:IMNAVAIT:48",-0.00523403136950119
"1117","TOOLIK:IMNAVAIT:5",-0.0062140860071076
"1118","TOOLIK:IMNAVAIT:51",-0.00409087947279049
"1119","TOOLIK:IMNAVAIT:52",-0.00413239784368956
"1120","TOOLIK:IMNAVAIT:53",0.000532656301048806
"1121","TOOLIK:IMNAVAIT:54",0.00188906754869193
"1122","TOOLIK:IMNAVAIT:55",-0.00152874148935147
"1123","TOOLIK:IMNAVAIT:56",0.00209900045251479
"1124","TOOLIK:IMNAVAIT:57",-0.00222849038510806
"1125","TOOLIK:IMNAVAIT:58",0.0248433012237646
"1126","TOOLIK:IMNAVAIT:59",0.00537718023741647
"1127","TOOLIK:IMNAVAIT:6",0.00300801154727422
"1128","TOOLIK:IMNAVAIT:60",-0.000844439906198383
"1129","TOOLIK:IMNAVAIT:61",-0.000971121306600079
"1130","TOOLIK:IMNAVAIT:62",0.00040533926601258
"1131","TOOLIK:IMNAVAIT:63",0.00495969807843444
"1132","TOOLIK:IMNAVAIT:65",-0.00369681311143614
"1133","TOOLIK:IMNAVAIT:66",-0.000764784997445774
"1134","TOOLIK:IMNAVAIT:67",-0.00376543197406478
"1135","TOOLIK:IMNAVAIT:68",-0.00311701600861956
"1136","TOOLIK:IMNAVAIT:69",-0.00144349646015376
"1137","TOOLIK:IMNAVAIT:7",-0.000728823855176693
"1138","TOOLIK:IMNAVAIT:70",-0.0015763520479276
"1139","TOOLIK:IMNAVAIT:71",-0.00100282144541532
"1140","TOOLIK:IMNAVAIT:8",-0.00219024903533468
"1141","TOOLIK:IMNAVAIT:9",0.00351854360304808
"1142","TOOLIK:MOIST:13",-0.00812584279704138
"1143","TOOLIK:MOIST:17",-0.00555174432776216
"1144","TOOLIK:MOIST:18",-0.00786199967317292
"1145","TOOLIK:TUSSOCKGRID:1",-0.0029870508003455
"1146","TOOLIK:TUSSOCKGRID:10",-0.00575215412312626
"1147","TOOLIK:TUSSOCKGRID:11",-0.0162226116065936
"1148","TOOLIK:TUSSOCKGRID:12",-6.51209394651169e-05
"1149","TOOLIK:TUSSOCKGRID:13",-0.00635355713916174
"1150","TOOLIK:TUSSOCKGRID:14",-0.000699080103270755
"1151","TOOLIK:TUSSOCKGRID:15",-0.00419442882621418
"1152","TOOLIK:TUSSOCKGRID:16",0.00225101963838385
"1153","TOOLIK:TUSSOCKGRID:17",-0.00181199849889349
"1154","TOOLIK:TUSSOCKGRID:18",0.00394047871575663
"1155","TOOLIK:TUSSOCKGRID:19",-0.0106917748136742
"1156","TOOLIK:TUSSOCKGRID:2",-0.00300291294175209
"1157","TOOLIK:TUSSOCKGRID:20",-0.00484158802204764
"1158","TOOLIK:TUSSOCKGRID:21",-0.0046598572176179
"1159","TOOLIK:TUSSOCKGRID:22",0.00198035702266377
"1160","TOOLIK:TUSSOCKGRID:23",-0.00345796272172955
"1161","TOOLIK:TUSSOCKGRID:24",-0.00402988240260218
"1162","TOOLIK:TUSSOCKGRID:25",-0.000773770688728593
"1163","TOOLIK:TUSSOCKGRID:26",-0.00365489563783709
"1164","TOOLIK:TUSSOCKGRID:27",0.00126831130535014
"1165","TOOLIK:TUSSOCKGRID:28",-0.00231766283092555
"1166","TOOLIK:TUSSOCKGRID:29",-0.00718161526996286
"1167","TOOLIK:TUSSOCKGRID:3",0.00208279741087323
"1168","TOOLIK:TUSSOCKGRID:30",-0.00278926928307426
"1169","TOOLIK:TUSSOCKGRID:31",0.00051571220120679
"1170","TOOLIK:TUSSOCKGRID:32",-0.00386914452333945
"1171","TOOLIK:TUSSOCKGRID:33",-0.000713465630340348
"1172","TOOLIK:TUSSOCKGRID:34",-0.00295424546043153
"1173","TOOLIK:TUSSOCKGRID:35",-0.0034264155323431
"1174","TOOLIK:TUSSOCKGRID:36",0.00451837305233787
"1175","TOOLIK:TUSSOCKGRID:37",-0.00487838172825104
"1176","TOOLIK:TUSSOCKGRID:38",-0.00710205255950962
"1177","TOOLIK:TUSSOCKGRID:39",-0.0062685959201007
"1178","TOOLIK:TUSSOCKGRID:4",0.000405736595924988
"1179","TOOLIK:TUSSOCKGRID:40",-8.00485445574462e-05
"1180","TOOLIK:TUSSOCKGRID:41",-0.00758209892264466
"1181","TOOLIK:TUSSOCKGRID:42",0.00287256487833727
"1182","TOOLIK:TUSSOCKGRID:43",-0.00153525376432392
"1183","TOOLIK:TUSSOCKGRID:44",0.00682462589335863
"1184","TOOLIK:TUSSOCKGRID:45",0.00307449900708075
"1185","TOOLIK:TUSSOCKGRID:46",-0.00439109395252425
"1186","TOOLIK:TUSSOCKGRID:47",0.00136128186769446
"1187","TOOLIK:TUSSOCKGRID:48",-0.00146937485030129
"1188","TOOLIK:TUSSOCKGRID:49",-0.000713528701979675
"1189","TOOLIK:TUSSOCKGRID:5",-0.00286077634513488
"1190","TOOLIK:TUSSOCKGRID:50",-0.00567126114445433
"1191","TOOLIK:TUSSOCKGRID:51",-0.00911756211672696
"1192","TOOLIK:TUSSOCKGRID:52",-0.00488673141499754
"1193","TOOLIK:TUSSOCKGRID:53",0.000239284656367297
"1194","TOOLIK:TUSSOCKGRID:54",-0.00243081578282807
"1195","TOOLIK:TUSSOCKGRID:55",0.00151428898272377
"1196","TOOLIK:TUSSOCKGRID:56",0.00165721042550208
"1197","TOOLIK:TUSSOCKGRID:57",-0.00155313692936057
"1198","TOOLIK:TUSSOCKGRID:58",-0.00308755153749662
"1199","TOOLIK:TUSSOCKGRID:59",0.00549108741089448
"1200","TOOLIK:TUSSOCKGRID:6",-0.00687853820498916
"1201","TOOLIK:TUSSOCKGRID:60",-0.00149449526425437
"1202","TOOLIK:TUSSOCKGRID:61",0.00733059343285353
"1203","TOOLIK:TUSSOCKGRID:62",-0.0227987862452965
"1204","TOOLIK:TUSSOCKGRID:63",0.00107978097019714
"1205","TOOLIK:TUSSOCKGRID:64",-0.00329074476749489
"1206","TOOLIK:TUSSOCKGRID:65",-0.000516594451542081
"1207","TOOLIK:TUSSOCKGRID:66",-0.00422680366757609
"1208","TOOLIK:TUSSOCKGRID:67",-0.00507565586546308
"1209","TOOLIK:TUSSOCKGRID:68",-0.00107458251838576
"1210","TOOLIK:TUSSOCKGRID:69",0.00166967531006476
"1211","TOOLIK:TUSSOCKGRID:7",-0.00198102212503662
"1212","TOOLIK:TUSSOCKGRID:70",-0.00159623762055505
"1213","TOOLIK:TUSSOCKGRID:72",-0.00842420797304636
"1214","TOOLIK:TUSSOCKGRID:74",0.00342460599422593
"1215","TOOLIK:TUSSOCKGRID:75",0.00315117834181202
"1216","TOOLIK:TUSSOCKGRID:76",0.00455785125863574
"1217","TOOLIK:TUSSOCKGRID:77",-0.0038626629179764
"1218","TOOLIK:TUSSOCKGRID:78",-0.0028888332293311
"1219","TOOLIK:TUSSOCKGRID:79",-0.00491478424491615
"1220","TOOLIK:TUSSOCKGRID:8",-0.00696085460183242
"1221","TOOLIK:TUSSOCKGRID:80",-0.000909603643471035
"1222","TOOLIK:TUSSOCKGRID:81",0.000156343234322772
"1223","TOOLIK:TUSSOCKGRID:82",-0.0140794904880678
"1224","TOOLIK:TUSSOCKGRID:83",0.00166450876838353
"1225","TOOLIK:TUSSOCKGRID:84",0.000267899987582683
"1226","TOOLIK:TUSSOCKGRID:85",-0.0082268382209123
"1227","TOOLIK:TUSSOCKGRID:9",0.00272630954163006
"1228","WOLFCREEK:WOLFCREEK:WOLFCREEK_CTL_11",0.00535245284165037
"1229","WOLFCREEK:WOLFCREEK:WOLFCREEK_CTL_2",0.00599132094748429
"1230","WOLFCREEK:WOLFCREEK:WOLFCREEK_CTL_20",-0.000450738975128001
"1231","WOLFCREEK:WOLFCREEK:WOLFCREEK_CTL_5",-0.000784767539404265
"1232","WOLFCREEK:WOLFCREEK:WOLFCREEK_CTL_9",0.00361593965092376
"1233","ZACKENBERG:ABRASION PLATEAU:A1",-0.00797471993490286
"1234","ZACKENBERG:ABRASION PLATEAU:A2",-0.0315394441994325
"1235","ZACKENBERG:ABRASION PLATEAU:A5",-0.0143526841641455
"1236","ZACKENBERG:CASSIOPE TETRAGONA HEATH:C2",-0.0171074983669096
"1237","ZACKENBERG:CASSIOPE TETRAGONA HEATH:C3",-0.00191831359132579
"1238","ZACKENBERG:CASSIOPE TETRAGONA HEATH:C4",-0.0128127175406308
"1239","ZACKENBERG:FEN:F1",0.0364904719060463
"1240","ZACKENBERG:FEN:F2",0.0260158895762797
"1241","ZACKENBERG:FEN:F3",0.0352990709369501
"1242","ZACKENBERG:FEN:F4",0.0375088890305667
"1243","ZACKENBERG:FEN:F5",0.0379644907126818
"1244","ZACKENBERG:GRASSLAND:G1",-0.0047402143505232
"1245","ZACKENBERG:GRASSLAND:G2",-0.00143064059206529
"1246","ZACKENBERG:GRASSLAND:G3",0.00724297652110151
"1247","ZACKENBERG:GRASSLAND:G4",0.0143764563482449
"1248","ZACKENBERG:GRASSLAND:G5",0.0239258196123644
"1249","ZACKENBERG:SALIX ARCTICA SNOWBED:S1",-0.0178580148297402
"1250","ZACKENBERG:SALIX ARCTICA SNOWBED:S2",-0.0254537913597172
"1251","ZACKENBERG:SALIX ARCTICA SNOWBED:S3",0.00349992218689723
"1252","ZACKENBERG:SALIX ARCTICA SNOWBED:S4",0.0141129127949349
"1253","ZACKENBERG:SALIX ARCTICA SNOWBED:S5",-0.0304493800927133
"1254","ZACKENBERG:VACCINIUM ULIGONOSUM HEATH:V4",0.0328449877372699
"1255","ZACKENBERG:VACCINIUM ULIGONOSUM HEATH:V5",1.42735678062162e-17
