"","x"
"1","KLUANE:PIKA:KluaneControl1:1996"
"2","KLUANE:PIKA:KluaneControl4:1996"
"3","KLUANE:PIKA:KluaneControl6:1996"
"4","KLUANE:PIKA:KluaneControl1:1997"
"5","KLUANE:PIKA:KluaneControl4:1997"
"6","KLUANE:PIKA:KluaneControl6:1997"
"7","KLUANE:PIKA:KluaneControl7:1996"
"8","KLUANE:PIKA:KluaneControl1:1998"
"9","KLUANE:PIKA:KluaneControl4:1998"
"10","KLUANE:PIKA:KluaneControl6:1998"
"11","KLUANE:PIKA:KluaneControl7:1998"
"12","KLUANE:PIKA:KluaneControl1:1999"
"13","KLUANE:PIKA:KluaneControl4:1999"
"14","KLUANE:PIKA:KluaneControl6:1999"
"15","KLUANE:PIKA:KluaneControl7:1999"
"16","KLUANE:PIKA:KluaneControl1:2002"
"17","KLUANE:PIKA:KluaneControl4:2002"
"18","KLUANE:PIKA:KluaneControl7:1997"
"19","KLUANE:PIKA:KluaneControl7:2002"
"20","KLUANE:PIKA:KluaneControl1:2005"
"21","KLUANE:PIKA:KluaneControl4:2005"
"22","KLUANE:PIKA:KluaneControl6:2005"
"23","KLUANE:PIKA:KluaneControl7:2005"
"24","KLUANE:PIKA:KluaneControl1:2007"
"25","KLUANE:PIKA:KluaneControl4:2007"
"26","KLUANE:PIKA:KluaneControl6:2007"
"27","KLUANE:PIKA:KluaneControl7:2007"
"28","KLUANE:PIKA:KluaneControl6:2002"
"29","BILLEFJORDEN:AWS:95:2014"
"30","PYRAMIDEN:PYR:7:2014"
"31","PYRAMIDEN:PYR:14:2014"
"32","PYRAMIDEN:PYR:20:2014"
"33","PYRAMIDEN:PYR:21:2014"
"34","PYRAMIDEN:PYR:43:2014"
"35","PYRAMIDEN:PYR:44:2014"
"36","PYRAMIDEN:PYR:46:2014"
"37","HOLTAVORDUHEIDI:AH37:364:2015"
"38","SADVENT:MES_COVER:DEUA:2003"
"39","THUFUVER:PALSA:PALSA2_6:1989"
"40","THUFUVER:PALSA:PALSA2_7:1986"
"41","THUFUVER:PALSA:PALSA3_10:1989"
"42","THUFUVER:PALSA:PALSA3_16:1984"
"43","THUFUVER:PALSA:PALSA3_16:1985"
"44","THUFUVER:PALSA:PALSA3_16:1988"
"45","THUFUVER:PALSA:PALSA3_16:1989"
"46","THUFUVER:PALSA:PALSA3_16:2007"
"47","THUFUVER:PALSA:PALSA3_18:1986"
"48","THUFUVER:PALSA:PALSA3_18:1989"
"49","THUFUVER:PALSA:PALSA1_1:1987"
"50","THUFUVER:PALSA:PALSA1_1:1989"
"51","THUFUVER:PALSA:PALSA1_10:1988"
"52","THUFUVER:PALSA:PALSA1_13:2007"
"53","THUFUVER:PALSA:PALSA1_16:2007"
"54","THUFUVER:PALSA:PALSA1_17:2007"
"55","THUFUVER:PALSA:PALSA1_2:1988"
"56","THUFUVER:PALSA:PALSA1_4:1984"
"57","THUFUVER:PALSA:PALSA1_4:1987"
"58","THUFUVER:PALSA:PALSA1_5:1989"
"59","THUFUVER:PALSA:PALSA1_7:1990"
"60","THUFUVER:PALSA:PALSA1_8:1987"
"61","THUFUVER:PALSA:PALSA1_8:1988"
"62","THUFUVER:PALSA:PALSA1_8:1989"
"63","THUFUVER:PALSA:PALSA1_8:1990"
"64","THUFUVER:PALSA:PALSA1_9:1987"
"65","THUFUVER:PALSA:PALSA1_9:1989"
"66","THUFUVER:PALSA:PALSA3_18:1990"
"67","THUFUVER:PALSA:PALSA3_2:1986"
"68","THUFUVER:PALSA:PALSA3_6:1986"
"69","THUFUVER:PALSA:PALSA3_9:2007"
"70","THUFUVER:PALSA:PALSA4_7:1988"
"71","THUFUVER:PALSA:PALSA5_1:1989"
"72","THUFUVER:PALSA:PALSA5_10:1984"
"73","THUFUVER:PALSA:PALSA5_10:1986"
"74","THUFUVER:PALSA:PALSA5_10:1987"
"75","THUFUVER:PALSA:PALSA5_10:1988"
"76","THUFUVER:PALSA:PALSA5_10:1990"
"77","THUFUVER:PALSA:PALSA5_10:2007"
"78","THUFUVER:PALSA:PALSA5_3:1989"
"79","THUFUVER:PALSA:PALSA5_5:1984"
"80","THUFUVER:PALSA:PALSA5_5:1986"
"81","THUFUVER:PALSA:PALSA5_6:1987"
"82","THUFUVER:PALSA:PALSA5_8:1989"
"83","THUFUVER:PALSA:PALSA5_9:1984"
"84","THUFUVER:PALSA:PALSA5_9:1986"
"85","THUFUVER:PALSA:PALSA5_9:1988"
"86","THUFUVER:PALSA:PALSA5_9:1989"
"87","THUFUVER:PALSA:PALSA5_9:1990"
"88","WOLFCREEK:WOLFCREEK:WOLFCREEK_CTL_1:1998"
"89","WOLFCREEK:WOLFCREEK:WOLFCREEK_CTL_19:1998"
"90","WOLFCREEK:WOLFCREEK:WOLFCREEK_CTL_15:2003"
"91","WOLFCREEK:WOLFCREEK:WOLFCREEK_CTL_1:2008"
"92","ZACKENBERG:SALIX_SITE:S1_CONT:2008"
"93","ZACKENBERG:SALIX_SITE:S2_CONT:2008"
"94","ZACKENBERG:SALIX_SITE:S4_CONT:2007"
"95","ZACKENBERG:SALIX_SITE:S5_CONT:2007"
"96","ABISKO:upper_forest:AUFc2:1999"
"97","ABISKO:upper_forest:AUFc4:1999"
"98","ADVENT:ADVENT_3:3_MO_CTL_B:2017"
"99","ADVENT:ADVENT_6:6_WE_CTL_A:2016"
"100","KANGER:BASHFUL:C_GRAZED:2005"
"101","KANGER:DOPEY:A_GRAZED:2005"
"102","KANGER:DOPEY:B_GRAZED:2005"
"103","KANGER:DOPEY:C_GRAZED:2005"
"104","KANGER:DOPEY:A_GRAZED:2006"
"105","KANGER:DOPEY:A_GRAZED:2007"
"106","KANGER:DOPEY:A_GRAZED:2008"
"107","KANGER:DOPEY:A_GRAZED:2010"
"108","KANGER:DOPEY:A_GRAZED:2011"
"109","KANGER:DOPEY:A_GRAZED:2012"
"110","KANGER:DOPEY:A_GRAZED:2013"
"111","KANGER:DOPEY:A_GRAZED:2014"
"112","KANGER:DOPEY:A_GRAZED:2015"
"113","KANGER:DOPEY:A_GRAZED:2016"
"114","KANGER:DOPEY:A_GRAZED:2017"
"115","KANGER:SNEEZY:B_GRAZED:2006"
"116","KANGER:SNEEZY:B_GRAZED:2007"
"117","KILPISJARVI:KILPISJARVI:C1:2007"
"118","KILPISJARVI:KILPISJARVI:C1:2010"
"119","KILPISJARVI:KILPISJARVI:C2:2007"
"120","KILPISJARVI:KILPISJARVI:C2:2010"
"121","KILPISJARVI:KILPISJARVI:C3:2007"
"122","KILPISJARVI:KILPISJARVI:C3:2010"
"123","KILPISJARVI:KILPISJARVI:C4:2007"
"124","KILPISJARVI:KILPISJARVI:C4:2010"
"125","KILPISJARVI:KILPISJARVI:C5:2007"
"126","KILPISJARVI:KILPISJARVI:C5:2010"
"127","NAKKALA:10:45_p45s179b:2002"
"128","SADVENT:MES_POINTFRAME:DGUA:2014"
"129","SADVENT:MES_POINTFRAME:DEHA:2014"
"130","JAMESONLAND:COLORADO:CTL_2_1:2020"
"131","JAMESONLAND:COLORADO:CTL_2_2:2020"
"132","ZACKENBERG:SALIX_SITE:S1_CONT:2009"
"133","ZACKENBERG:SALIX_SITE:S4_CONT:2009"
"134","THUFUVER:PALSA:PALSA1_2:1990"
"135","THUFUVER:PALSA:PALSA5_8:2007"
"136","WOLFCREEK:WOLFCREEK:WOLFCREEK_CTL_14:1998"
"137","WOLFCREEK:WOLFCREEK:WOLFCREEK_CTL_15:1998"
"138","WOLFCREEK:WOLFCREEK:WOLFCREEK_CTL_6:1998"
"139","WOLFCREEK:WOLFCREEK:WOLFCREEK_CTL_1:2003"
"140","WOLFCREEK:WOLFCREEK:WOLFCREEK_CTL_14:2003"
"141","WOLFCREEK:WOLFCREEK:WOLFCREEK_CTL_6:2003"
"142","WOLFCREEK:WOLFCREEK:WOLFCREEK_CTL_14:2008"
"143","WOLFCREEK:WOLFCREEK:WOLFCREEK_CTL_19:2008"
"144","WOLFCREEK:WOLFCREEK:WOLFCREEK_CTL_6:2008"
"145","ZACKENBERG:CASSIOPE_SITE:C2_CONT:2008"
"146","ZACKENBERG:SALIX_SITE:S3_CONT:2008"
"147","ZACKENBERG:SALIX_SITE:S4_CONT:2008"
"148","ZACKENBERG:SALIX_SITE:S5_CONT:2008"
"149","KANGER:BASHFUL:A_GRAZED:2004"
"150","KANGER:BASHFUL:B_GRAZED:2004"
"151","KANGER:BASHFUL:C_GRAZED:2004"
"152","KANGER:BASHFUL:A_GRAZED:2005"
"153","KANGER:BASHFUL:B_GRAZED:2005"
"154","KANGER:BASHFUL:A_GRAZED:2006"
"155","KANGER:BASHFUL:B_GRAZED:2006"
"156","KANGER:BASHFUL:C_GRAZED:2006"
"157","KANGER:BASHFUL:A_GRAZED:2007"
"158","KANGER:BASHFUL:B_GRAZED:2007"
"159","KANGER:BASHFUL:C_GRAZED:2007"
"160","KANGER:BASHFUL:A_GRAZED:2008"
"161","KANGER:BASHFUL:B_GRAZED:2008"
"162","KANGER:BASHFUL:C_GRAZED:2008"
"163","KANGER:BASHFUL:A_GRAZED:2009"
"164","KANGER:BASHFUL:B_GRAZED:2009"
"165","KANGER:BASHFUL:C_GRAZED:2009"
"166","KANGER:BASHFUL:A_GRAZED:2010"
"167","KANGER:BASHFUL:B_GRAZED:2010"
"168","KANGER:BASHFUL:C_GRAZED:2010"
"169","KANGER:BASHFUL:A_GRAZED:2011"
"170","KANGER:BASHFUL:B_GRAZED:2011"
"171","KANGER:BASHFUL:C_GRAZED:2011"
"172","KANGER:BASHFUL:A_GRAZED:2012"
"173","KANGER:BASHFUL:B_GRAZED:2012"
"174","KANGER:BASHFUL:C_GRAZED:2012"
"175","KANGER:BASHFUL:A_GRAZED:2013"
"176","KANGER:BASHFUL:B_GRAZED:2013"
"177","KANGER:BASHFUL:C_GRAZED:2013"
"178","KANGER:BASHFUL:A_GRAZED:2014"
"179","KANGER:BASHFUL:B_GRAZED:2014"
"180","KANGER:BASHFUL:C_GRAZED:2014"
"181","KANGER:BASHFUL:B_GRAZED:2015"
"182","KANGER:BASHFUL:C_GRAZED:2015"
"183","KANGER:BASHFUL:C_GRAZED:2016"
"184","KANGER:BASHFUL:B_GRAZED:2017"
"185","KANGER:BASHFUL:C_GRAZED:2017"
"186","KANGER:DOPEY:A_GRAZED:2003"
"187","KANGER:DOPEY:B_GRAZED:2003"
"188","KANGER:DOPEY:C_GRAZED:2003"
"189","KANGER:DOPEY:A_GRAZED:2004"
"190","KANGER:DOPEY:C_GRAZED:2004"
"191","KANGER:DOPEY:B_GRAZED:2006"
"192","KANGER:DOPEY:C_GRAZED:2006"
"193","KANGER:DOPEY:B_GRAZED:2007"
"194","KANGER:DOPEY:C_GRAZED:2007"
"195","KANGER:DOPEY:B_GRAZED:2008"
"196","KANGER:DOPEY:C_GRAZED:2008"
"197","KANGER:DOPEY:A_GRAZED:2009"
"198","KANGER:DOPEY:B_GRAZED:2009"
"199","KANGER:DOPEY:C_GRAZED:2009"
"200","KANGER:DOPEY:B_GRAZED:2010"
"201","KANGER:DOPEY:C_GRAZED:2010"
"202","KANGER:DOPEY:B_GRAZED:2011"
"203","KANGER:DOPEY:C_GRAZED:2011"
"204","KANGER:DOPEY:B_GRAZED:2012"
"205","KANGER:DOPEY:C_GRAZED:2012"
"206","KANGER:DOPEY:B_GRAZED:2013"
"207","KANGER:DOPEY:C_GRAZED:2013"
"208","KANGER:DOPEY:B_GRAZED:2014"
"209","KANGER:DOPEY:C_GRAZED:2014"
"210","KANGER:DOPEY:C_GRAZED:2015"
"211","KANGER:SNEEZY:B_GRAZED:2003"
"212","KANGER:SNEEZY:C_GRAZED:2003"
"213","KANGER:SNEEZY:D_GRAZED:2003"
"214","KANGER:SNEEZY:A_GRAZED:2004"
"215","KANGER:SNEEZY:B_GRAZED:2004"
"216","KANGER:SNEEZY:C_GRAZED:2004"
"217","KANGER:SNEEZY:D_GRAZED:2004"
"218","KANGER:SNEEZY:E_GRAZED:2004"
"219","KANGER:SNEEZY:F_GRAZED:2004"
"220","KANGER:SNEEZY:G_GRAZED:2004"
"221","KANGER:SNEEZY:A_GRAZED:2005"
"222","KANGER:SNEEZY:B_GRAZED:2005"
"223","KANGER:SNEEZY:C_GRAZED:2005"
"224","KANGER:SNEEZY:D_GRAZED:2005"
"225","KANGER:SNEEZY:E_GRAZED:2005"
"226","KANGER:SNEEZY:F_GRAZED:2005"
"227","KANGER:SNEEZY:A_GRAZED:2006"
"228","KANGER:SNEEZY:C_GRAZED:2006"
"229","KANGER:SNEEZY:D_GRAZED:2006"
"230","KANGER:SNEEZY:E_GRAZED:2006"
"231","KANGER:SNEEZY:F_GRAZED:2006"
"232","KANGER:SNEEZY:G_GRAZED:2006"
"233","KANGER:SNEEZY:A_GRAZED:2007"
"234","KANGER:SNEEZY:C_GRAZED:2007"
"235","KANGER:SNEEZY:D_GRAZED:2007"
"236","KANGER:SNEEZY:E_GRAZED:2007"
"237","KANGER:SNEEZY:F_GRAZED:2007"
"238","KANGER:SNEEZY:G_GRAZED:2007"
"239","KANGER:SNEEZY:A_GRAZED:2008"
"240","KANGER:SNEEZY:B_GRAZED:2008"
"241","KANGER:SNEEZY:C_GRAZED:2008"
"242","KANGER:SNEEZY:D_GRAZED:2008"
"243","KANGER:SNEEZY:E_GRAZED:2008"
"244","KANGER:SNEEZY:F_GRAZED:2008"
"245","KANGER:SNEEZY:G_GRAZED:2008"
"246","KANGER:SNEEZY:A_GRAZED:2009"
"247","KANGER:SNEEZY:B_GRAZED:2009"
"248","KANGER:SNEEZY:C_GRAZED:2009"
"249","KANGER:SNEEZY:D_GRAZED:2009"
"250","KANGER:SNEEZY:E_GRAZED:2009"
"251","KANGER:SNEEZY:F_GRAZED:2009"
"252","KANGER:SNEEZY:G_GRAZED:2009"
"253","KANGER:SNEEZY:A_GRAZED:2010"
"254","KANGER:SNEEZY:B_GRAZED:2010"
"255","KANGER:SNEEZY:C_GRAZED:2010"
"256","KANGER:SNEEZY:D_GRAZED:2010"
"257","KANGER:SNEEZY:E_GRAZED:2010"
"258","KANGER:SNEEZY:F_GRAZED:2010"
"259","KANGER:SNEEZY:G_GRAZED:2010"
"260","KANGER:SNEEZY:A_GRAZED:2011"
"261","KANGER:SNEEZY:B_GRAZED:2011"
"262","KANGER:SNEEZY:C_GRAZED:2011"
"263","KANGER:SNEEZY:D_GRAZED:2011"
"264","KANGER:SNEEZY:E_GRAZED:2011"
"265","KANGER:SNEEZY:F_GRAZED:2011"
"266","KANGER:SNEEZY:G_GRAZED:2011"
"267","KANGER:SNEEZY:A_GRAZED:2012"
"268","KANGER:SNEEZY:B_GRAZED:2012"
"269","KANGER:SNEEZY:C_GRAZED:2012"
"270","KANGER:SNEEZY:D_GRAZED:2012"
"271","KANGER:SNEEZY:E_GRAZED:2012"
"272","KANGER:SNEEZY:F_GRAZED:2012"
"273","KANGER:SNEEZY:G_GRAZED:2012"
"274","KANGER:SNEEZY:A_GRAZED:2013"
"275","KANGER:SNEEZY:B_GRAZED:2013"
"276","KANGER:SNEEZY:C_GRAZED:2013"
"277","KANGER:SNEEZY:D_GRAZED:2013"
"278","KANGER:SNEEZY:E_GRAZED:2013"
"279","KANGER:SNEEZY:F_GRAZED:2013"
"280","KANGER:SNEEZY:A_GRAZED:2014"
"281","KANGER:SNEEZY:B_GRAZED:2014"
"282","KANGER:SNEEZY:C_GRAZED:2014"
"283","KANGER:SNEEZY:D_GRAZED:2014"
"284","KANGER:SNEEZY:E_GRAZED:2014"
"285","KANGER:SNEEZY:F_GRAZED:2014"
"286","KANGER:SNEEZY:A_GRAZED:2015"
"287","KANGER:SNEEZY:B_GRAZED:2015"
"288","KANGER:SNEEZY:E_GRAZED:2015"
"289","KANGER:SNEEZY:F_GRAZED:2015"
"290","KANGER:SNEEZY:B_GRAZED:2016"
"291","KANGER:SNEEZY:C_GRAZED:2016"
"292","KANGER:SNEEZY:E_GRAZED:2016"
"293","KANGER:SNEEZY:A_GRAZED:2017"
"294","KANGER:SNEEZY:E_GRAZED:2017"
"295","KANGER:SNEEZY:G_GRAZED:2017"
"296","SADVENT:MES_POINTFRAME:DEUA:2003"
"297","ZACKENBERG:CASSIOPE_SITE:C2_CONT:2009"
"298","ZACKENBERG:ABRASION PLATEAU:A4:1997"
"299","ZACKENBERG:ABRASION PLATEAU:A4:2008"
"300","ZACKENBERG:CASSIOPE TETRAGONA HEATH:C1:2008"
"301","ZACKENBERG:CASSIOPE TETRAGONA HEATH:C5:2008"
"302","ZACKENBERG:DRYAS HEATH:D1:1997"
"303","ZACKENBERG:DRYAS HEATH:D2:1997"
"304","ZACKENBERG:DRYAS HEATH:D3:1997"
"305","ZACKENBERG:DRYAS HEATH:D4:1997"
"306","ZACKENBERG:DRYAS HEATH:D5:1997"
"307","ZACKENBERG:DRYAS HEATH:D1:2008"
"308","ZACKENBERG:DRYAS HEATH:D2:2008"
"309","ZACKENBERG:DRYAS HEATH:D3:2008"
"310","ZACKENBERG:DRYAS HEATH:D4:2008"
"311","ZACKENBERG:DRYAS HEATH:D5:2008"
"312","ZACKENBERG:OPEN DRYAS VEGETATION:O1:1997"
"313","ZACKENBERG:OPEN DRYAS VEGETATION:O2:1997"
"314","ZACKENBERG:OPEN DRYAS VEGETATION:O3:1997"
"315","ZACKENBERG:OPEN DRYAS VEGETATION:O4:1997"
"316","ZACKENBERG:OPEN DRYAS VEGETATION:O5:1997"
"317","ZACKENBERG:OPEN DRYAS VEGETATION:O1:2008"
"318","ZACKENBERG:OPEN DRYAS VEGETATION:O2:2008"
"319","ZACKENBERG:OPEN DRYAS VEGETATION:O3:2008"
"320","ZACKENBERG:OPEN DRYAS VEGETATION:O5:2008"
"321","ZACKENBERG:VACCINIUM ULIGONOSUM HEATH:V1:1997"
"322","ZACKENBERG:VACCINIUM ULIGONOSUM HEATH:V2:1997"
"323","ZACKENBERG:VACCINIUM ULIGONOSUM HEATH:V3:1997"
"324","ZACKENBERG:VACCINIUM ULIGONOSUM HEATH:V1:2008"
"325","ZACKENBERG:VACCINIUM ULIGONOSUM HEATH:V3:2008"
"326","FINSE:NFINSE:15:1997"
"327","TOOLIK:IMNAVAIT:5:1995"
"328","TOOLIK:IMNAVAIT:5:2001"
"329","TOOLIK:IMNAVAIT:17:1995"
"330","TOOLIK:IMNAVAIT:17:2001"
"331","TOOLIK:IMNAVAIT:17:2007"
"332","TOOLIK:IMNAVAIT:18:1989"
"333","TOOLIK:IMNAVAIT:18:1995"
"334","TOOLIK:IMNAVAIT:18:2001"
"335","TOOLIK:IMNAVAIT:28:2001"
"336","TOOLIK:IMNAVAIT:32:1989"
"337","TOOLIK:IMNAVAIT:32:1995"
"338","TOOLIK:IMNAVAIT:32:2001"
"339","TOOLIK:IMNAVAIT:42:2001"
"340","TOOLIK:IMNAVAIT:42:2007"
"341","TOOLIK:IMNAVAIT:49:1989"
"342","TOOLIK:IMNAVAIT:49:1995"
"343","TOOLIK:IMNAVAIT:49:2001"
"344","TOOLIK:IMNAVAIT:49:2007"
"345","TOOLIK:IMNAVAIT:50:1995"
"346","TOOLIK:IMNAVAIT:50:2001"
"347","TOOLIK:IMNAVAIT:50:2007"
"348","TOOLIK:IMNAVAIT:58:2001"
"349","TOOLIK:IMNAVAIT:58:2007"
"350","TOOLIK:IMNAVAIT:63:1995"
"351","TOOLIK:IMNAVAIT:63:2007"
"352","TOOLIK:IMNAVAIT:64:1989"
"353","TOOLIK:IMNAVAIT:64:1995"
"354","TOOLIK:IMNAVAIT:64:2001"
"355","TOOLIK:IMNAVAIT:64:2007"
"356","TOOLIK:IMNAVAIT:66:2001"
"357","TOOLIK:TUSSOCKGRID:51:1990"
"358","TOOLIK:TUSSOCKGRID:54:1990"
"359","TOOLIK:TUSSOCKGRID:71:1990"
"360","TOOLIK:TUSSOCKGRID:73:1990"
"361","TOOLIK:TUSSOCKGRID:82:1990"
"362","TOOLIK:TUSSOCKGRID:10:1996"
"363","TOOLIK:TUSSOCKGRID:62:1996"
"364","TOOLIK:TUSSOCKGRID:71:1996"
"365","TOOLIK:TUSSOCKGRID:73:1996"
"366","TOOLIK:TUSSOCKGRID:82:1996"
"367","TOOLIK:TUSSOCKGRID:10:2002"
"368","TOOLIK:TUSSOCKGRID:47:2002"
"369","TOOLIK:TUSSOCKGRID:71:2002"
"370","TOOLIK:TUSSOCKGRID:73:2002"
"371","TOOLIK:TUSSOCKGRID:73:2008"
"372","ANWR:ATIGUN-A:5:1997"
"373","ANWR:ATIGUN-A:9:2002"
"374","ANWR:ATIGUN-B:9:2007"
"375","ANWR:ATIGUN-B:10:2007"
"376","BROOKS:SHEEN-B:1:1998"
"377","BROOKS:SHEEN-B:3:1998"
"378","BROOKS:SHEEN-B:1:2003"
"379","BROOKS:SHEEN-B:1:2008"
"380","BROOKS:SHEEN-B:2:2008"
"381","BROOKS:SHEEN-B:3:2008"
"382","DARING:DARINGOTCF:F1:2008"
"383","AUYUITTUQ:OWL RIVER:1:2010"
"384","AUYUITTUQ:OWL RIVER:1:2014"
"385","AUYUITTUQ:OWL RIVER:1:2019"
"386","AUYUITTUQ:OWL RIVER:2:2010"
"387","AUYUITTUQ:OWL RIVER:2:2014"
"388","AUYUITTUQ:OWL RIVER:2:2019"
"389","AUYUITTUQ:OWL RIVER:3:2010"
"390","AUYUITTUQ:OWL RIVER:3:2014"
"391","AUYUITTUQ:OWL RIVER:3:2019"
"392","AUYUITTUQ:OWL RIVER:4:2010"
"393","AUYUITTUQ:OWL RIVER:4:2014"
"394","AUYUITTUQ:OWL RIVER:4:2019"
"395","AUYUITTUQ:OWL RIVER:5:2010"
"396","AUYUITTUQ:OWL RIVER:5:2014"
"397","AUYUITTUQ:OWL RIVER:5:2019"
"398","AUYUITTUQ:OWL RIVER:6:2010"
"399","AUYUITTUQ:OWL RIVER:6:2014"
"400","AUYUITTUQ:OWL RIVER:6:2019"
"401","AUYUITTUQ:OWL RIVER:7:2010"
"402","AUYUITTUQ:OWL RIVER:7:2014"
"403","AUYUITTUQ:OWL RIVER:7:2019"
"404","AUYUITTUQ:OWL RIVER:8:2010"
"405","AUYUITTUQ:OWL RIVER:8:2014"
"406","AUYUITTUQ:OWL RIVER:8:2019"
"407","AUYUITTUQ:OWL RIVER:9:2010"
"408","AUYUITTUQ:OWL RIVER:9:2014"
"409","AUYUITTUQ:OWL RIVER:9:2019"
"410","AUYUITTUQ:OWL RIVER:10:2010"
"411","AUYUITTUQ:OWL RIVER:10:2014"
"412","AUYUITTUQ:OWL RIVER:10:2019"
"413","AUYUITTUQ:OWL RIVER:11:2010"
"414","AUYUITTUQ:OWL RIVER:11:2014"
"415","AUYUITTUQ:OWL RIVER:11:2019"
"416","AUYUITTUQ:OWL RIVER:12:2010"
"417","AUYUITTUQ:OWL RIVER:12:2014"
"418","AUYUITTUQ:OWL RIVER:12:2019"
"419","AUYUITTUQ:OWL RIVER:13:2010"
"420","AUYUITTUQ:OWL RIVER:13:2014"
"421","AUYUITTUQ:OWL RIVER:13:2019"
"422","AUYUITTUQ:OWL RIVER:14:2010"
"423","AUYUITTUQ:OWL RIVER:14:2014"
"424","AUYUITTUQ:OWL RIVER:15:2010"
"425","AUYUITTUQ:OWL RIVER:15:2014"
"426","AUYUITTUQ:OWL RIVER:15:2019"
"427","IGLOOLIK:IGLOOLIK:3:2013"
"428","IGLOOLIK:IGLOOLIK:9:2013"
"429","QUTTINIRPAAQ:TANQUARY_FIORD:10:2012"
"430","QUTTINIRPAAQ:TANQUARY_FIORD:13:2013"
"431","QUTTINIRPAAQ:TANQUARY_FIORD:14:2013"
"432","QUTTINIRPAAQ:TANQUARY_FIORD:15:2013"
"433","QUTTINIRPAAQ:TANQUARY_FIORD:16:2013"
"434","QUTTINIRPAAQ:TANQUARY_FIORD:17:2013"
"435","QUTTINIRPAAQ:TANQUARY_FIORD:18:2013"
"436","QUTTINIRPAAQ:TANQUARY_FIORD:19:2013"
"437","QUTTINIRPAAQ:TANQUARY_FIORD:20:2013"
"438","ATQASUK:AW:AWC05:1997"
"439","ATQASUK:AW:AWC07:1997"
"440","ATQASUK:AW:AWC09:1997"
"441","ATQASUK:AW:AWC12:1997"
"442","ATQASUK:AW:AWC14:1997"
"443","ATQASUK:AW:AWC17:1997"
"444","ATQASUK:AW:AWC19:1997"
"445","ATQASUK:AW:AWC20:1997"
"446","ATQASUK:AW:AWC21:1997"
"447","ATQASUK:AW:AWC22:1997"
"448","ATQASUK:AW:AWC23:1997"
"449","ATQASUK:AW:AWC24:1997"
"450","ATQASUK:AW:AWC01:2000"
"451","ATQASUK:AW:AWC02:2000"
"452","ATQASUK:AW:AWC06:2000"
"453","ATQASUK:AW:AWC07:2000"
"454","ATQASUK:AW:AWC09:2000"
"455","ATQASUK:AW:AWC10:2000"
"456","ATQASUK:AW:AWC21:2000"
"457","ATQASUK:AW:AWC24:2000"
"458","ATQASUK:AW:AWC01:2007"
"459","ATQASUK:AW:AWC07:2007"
"460","ATQASUK:AW:AWC14:2007"
"461","ATQASUK:AW:AWC20:2007"
"462","ATQASUK:AW:AWC21:2007"
"463","ATQASUK:AW:AWC24:2007"
"464","ATQASUK:AW:AWC02:2012"
"465","ATQASUK:AW:AWC03:2012"
"466","ATQASUK:AW:AWC07:2012"
"467","ATQASUK:AW:AWC08:2012"
"468","ATQASUK:AW:AWC12:2012"
"469","ATQASUK:AW:AWC18:2012"
"470","ATQASUK:AW:AWC19:2012"
"471","ATQASUK:AW:AWC21:2012"
"472","ATQASUK:AW:AWC22:2012"
"473","ATQASUK:AW:AWC01:2017"
"474","ATQASUK:AW:AWC02:2017"
"475","ATQASUK:AW:AWC03:2017"
"476","ATQASUK:AW:AWC04:2017"
"477","ATQASUK:AW:AWC05:2017"
"478","ATQASUK:AW:AWC06:2017"
"479","ATQASUK:AW:AWC08:2017"
"480","ATQASUK:AW:AWC19:2017"
"481","ATQASUK:AW:AWC21:2017"
"482","ATQASUK:AW:AWC06:2019"
"483","ATQASUK:AW:AWC07:2019"
"484","ATQASUK:AW:AWC08:2019"
"485","BARROW:BW:BWC04:1996"
"486","BARROW:BW:BWC11:1996"
"487","BARROW:BW:BWC14:1996"
"488","BARROW:BW:BWC15:1996"
"489","BARROW:BW:BWC16:1996"
"490","BARROW:BW:BWC17:1996"
"491","BARROW:BW:BWC20:1996"
"492","BARROW:BW:BWC01:2000"
"493","BARROW:BW:BWC02:2000"
"494","BARROW:BW:BWC11:2000"
"495","BARROW:BW:BWC13:2000"
"496","BARROW:BW:BWC14:2000"
"497","BARROW:BW:BWC15:2000"
"498","BARROW:BW:BWC16:2000"
"499","BARROW:BW:BWC01:2008"
"500","BARROW:BW:BWC02:2008"
"501","BARROW:BW:BWC03:2008"
"502","BARROW:BW:BWC09:2008"
"503","BARROW:BW:BWC11:2008"
"504","BARROW:BW:BWC14:2008"
"505","BARROW:BW:BWC15:2008"
"506","BARROW:BW:BWC16:2008"
"507","BARROW:BW:BWC17:2008"
"508","BARROW:BW:BWC18:2008"
"509","BARROW:BW:BWC19:2008"
"510","BARROW:BW:BWC20:2008"
"511","BARROW:BW:BWC21:2008"
"512","BARROW:BW:BWC24:2008"
"513","BARROW:BW:BWC19:2012"
"514","BARROW:BW:BWC22:2012"
"515","BARROW:BW:BWC23:2012"
"516","BARROW:BW:BWC02:2019"
"517","BARROW:BW:BWC03:2019"
"518","BARROW:BW:BWC04:2019"
"519","ATQASUK:AG:AGCA08:2010"
"520","ATQASUK:AG:AGCB06:2010"
"521","ATQASUK:AG:AGCC02:2010"
"522","ATQASUK:AG:AGCC03:2010"
"523","ATQASUK:AG:AGCC04:2010"
"524","ATQASUK:AG:AGCC07:2010"
"525","ATQASUK:AG:AGCD09:2010"
"526","ATQASUK:AG:AGCE05:2010"
"527","ATQASUK:AG:AGCF03:2010"
"528","ATQASUK:AG:AGCF11:2010"
"529","ATQASUK:AG:AGCH05:2010"
"530","ATQASUK:AG:AGCH06:2010"
"531","ATQASUK:AG:AGCI05:2010"
"532","ATQASUK:AG:AGCI10:2010"
"533","ATQASUK:AG:AGCJ06:2010"
"534","ATQASUK:AG:AGCE05:2012"
"535","ATQASUK:AG:AGCF03:2012"
"536","ATQASUK:AG:AGCF04:2012"
"537","ATQASUK:AG:AGCG04:2012"
"538","ATQASUK:AG:AGCH05:2012"
"539","ATQASUK:AG:AGCJ06:2012"
"540","ATQASUK:AG:AGCA08:2013"
"541","ATQASUK:AG:AGCC02:2013"
"542","ATQASUK:AG:AGCC04:2013"
"543","ATQASUK:AG:AGCC06:2013"
"544","ATQASUK:AG:AGCC07:2013"
"545","ATQASUK:AG:AGCF11:2013"
"546","ATQASUK:AG:AGCI10:2013"
"547","ATQASUK:AG:AGCB05:2013"
"548","ATQASUK:AG:AGCD09:2013"
"549","ATQASUK:AG:AGCE05:2013"
"550","ATQASUK:AG:AGCF03:2013"
"551","ATQASUK:AG:AGCF04:2013"
"552","ATQASUK:AG:AGCH05:2013"
"553","ATQASUK:AG:AGCJ06:2013"
"554","ATQASUK:AG:AGCG04:2013"
"555","ATQASUK:AG:AGCI02:2013"
"556","ATQASUK:AG:AGCE05:2014"
"557","ATQASUK:AG:AGCF03:2014"
"558","ATQASUK:AG:AGCF04:2014"
"559","ATQASUK:AG:AGCG04:2014"
"560","ATQASUK:AG:AGCH05:2014"
"561","ATQASUK:AG:AGCI02:2014"
"562","ATQASUK:AG:AGCJ06:2014"
"563","ATQASUK:AG:AGCE05:2015"
"564","ATQASUK:AG:AGCF03:2015"
"565","ATQASUK:AG:AGCF04:2015"
"566","ATQASUK:AG:AGCG04:2015"
"567","ATQASUK:AG:AGCH05:2015"
"568","ATQASUK:AG:AGCI02:2015"
"569","ATQASUK:AG:AGCI05:2015"
"570","ATQASUK:AG:AGCJ06:2015"
"571","ATQASUK:AG:AGCB05:2016"
"572","ATQASUK:AG:AGCC07:2016"
"573","ATQASUK:AG:AGCD09:2016"
"574","ATQASUK:AG:AGCE05:2016"
"575","ATQASUK:AG:AGCE08:2016"
"576","ATQASUK:AG:AGCF11:2016"
"577","ATQASUK:AG:AGCF07:2016"
"578","ATQASUK:AG:AGCF04:2016"
"579","ATQASUK:AG:AGCF03:2016"
"580","ATQASUK:AG:AGCG04:2016"
"581","ATQASUK:AG:AGCH05:2016"
"582","ATQASUK:AG:AGCI02:2016"
"583","ATQASUK:AG:AGCI05:2016"
"584","ATQASUK:AG:AGCJ06:2016"
"585","ATQASUK:AG:AGCF02:2016"
"586","ATQASUK:AG:AGCF03:2017"
"587","ATQASUK:AG:AGCF04:2017"
"588","ATQASUK:AG:AGCH05:2017"
"589","ATQASUK:AG:AGCI05:2017"
"590","ATQASUK:AG:AGCG04:2017"
"591","ATQASUK:AG:AGCJ06:2017"
"592","ATQASUK:AG:AGCI02:2017"
"593","ATQASUK:AG:AGCE05:2017"
"594","ATQASUK:AG:AGCG04:2018"
"595","ATQASUK:AG:AGCE05:2018"
"596","ATQASUK:AG:AGCF02:2018"
"597","ATQASUK:AG:AGCI02:2018"
"598","ATQASUK:AG:AGCH05:2018"
"599","ATQASUK:AG:AGCF04:2018"
"600","ATQASUK:AG:AGCJ06:2018"
"601","ATQASUK:AG:AGCI05:2018"
"602","ATQASUK:AG:AGCF03:2018"
"603","ATQASUK:AG:AGCA08:2019"
"604","ATQASUK:AG:AGCB05:2019"
"605","ATQASUK:AG:AGCC07:2019"
"606","ATQASUK:AG:AGCC06:2019"
"607","ATQASUK:AG:AGCC04:2019"
"608","ATQASUK:AG:AGCC03:2019"
"609","ATQASUK:AG:AGCC02:2019"
"610","ATQASUK:AG:AGCD09:2019"
"611","ATQASUK:AG:AGCE05:2019"
"612","ATQASUK:AG:AGCF03:2019"
"613","ATQASUK:AG:AGCF04:2019"
"614","ATQASUK:AG:AGCF11:2019"
"615","ATQASUK:AG:AGCG04:2019"
"616","ATQASUK:AG:AGCH05:2019"
"617","ATQASUK:AG:AGCI10:2019"
"618","ATQASUK:AG:AGCI02:2019"
"619","ATQASUK:AG:AGCJ06:2019"
"620","BARROW:BG:BGCB11:2010"
"621","BARROW:BG:BGCC11:2010"
"622","BARROW:BG:BGCE11:2010"
"623","BARROW:BG:BGCG11:2010"
"624","BARROW:BG:BGCI11:2010"
"625","BARROW:BG:BGCB10:2010"
"626","BARROW:BG:BGCE10:2010"
"627","BARROW:BG:BGCI10:2010"
"628","BARROW:BG:BGCJ10:2010"
"629","BARROW:BG:BGCC09:2010"
"630","BARROW:BG:BGCD09:2010"
"631","BARROW:BG:BGCH09:2010"
"632","BARROW:BG:BGCI09:2010"
"633","BARROW:BG:BGCJ09:2010"
"634","BARROW:BG:BGCK09:2010"
"635","BARROW:BG:BGCC08:2010"
"636","BARROW:BG:BGCD08:2010"
"637","BARROW:BG:BGCH08:2010"
"638","BARROW:BG:BGCI08:2010"
"639","BARROW:BG:BGCK08:2010"
"640","BARROW:BG:BGCG07:2010"
"641","BARROW:BG:BGCH07:2010"
"642","BARROW:BG:BGCI07:2010"
"643","BARROW:BG:BGCJ07:2010"
"644","BARROW:BG:BGCD06:2010"
"645","BARROW:BG:BGCH06:2010"
"646","BARROW:BG:BGCJ06:2010"
"647","BARROW:BG:BGCK06:2010"
"648","BARROW:BG:BGCC05:2010"
"649","BARROW:BG:BGCD05:2010"
"650","BARROW:BG:BGCJ05:2010"
"651","BARROW:BG:BGCH04:2010"
"652","BARROW:BG:BGCJ04:2010"
"653","BARROW:BG:BGCK04:2010"
"654","BARROW:BG:BGCB03:2010"
"655","BARROW:BG:BGCE03:2010"
"656","BARROW:BG:BGCF03:2010"
"657","BARROW:BG:BGCG03:2010"
"658","BARROW:BG:BGCI03:2010"
"659","BARROW:BG:BGCJ03:2010"
"660","BARROW:BG:BGCC02:2010"
"661","BARROW:BG:BGCE02:2010"
"662","BARROW:BG:BGCF02:2010"
"663","BARROW:BG:BGCG02:2010"
"664","BARROW:BG:BGCH02:2010"
"665","BARROW:BG:BGCI02:2010"
"666","BARROW:BG:BGCJ02:2010"
"667","BARROW:BG:BGCD06:2012"
"668","BARROW:BG:BGCD07:2012"
"669","BARROW:BG:BGCE03:2012"
"670","BARROW:BG:BGCG02:2012"
"671","BARROW:BG:BGCG03:2012"
"672","BARROW:BG:BGCG06:2012"
"673","BARROW:BG:BGCG07:2012"
"674","BARROW:BG:BGCH02:2012"
"675","BARROW:BG:BGCH06:2012"
"676","BARROW:BG:BGCH07:2012"
"677","BARROW:BG:BGCD07:2013"
"678","BARROW:BG:BGCH07:2013"
"679","BARROW:BG:BGCE03:2013"
"680","BARROW:BG:BGCE02:2013"
"681","BARROW:BG:BGCG02:2013"
"682","BARROW:BG:BGCG07:2013"
"683","BARROW:BG:BGCG06:2013"
"684","BARROW:BG:BGCG03:2013"
"685","BARROW:BG:BGCH02:2013"
"686","BARROW:BG:BGCD11:2013"
"687","BARROW:BG:BGCB10:2013"
"688","BARROW:BG:BGCG09:2013"
"689","BARROW:BG:BGCK08:2013"
"690","BARROW:BG:BGCB07:2013"
"691","BARROW:BG:BGCI07:2013"
"692","BARROW:BG:BGCJ07:2013"
"693","BARROW:BG:BGCK06:2013"
"694","BARROW:BG:BGCI03:2013"
"695","BARROW:BG:BGCJ03:2013"
"696","BARROW:BG:BGCC11:2013"
"697","BARROW:BG:BGCE11:2013"
"698","BARROW:BG:BGCG11:2013"
"699","BARROW:BG:BGCH11:2013"
"700","BARROW:BG:BGCI11:2013"
"701","BARROW:BG:BGCF10:2013"
"702","BARROW:BG:BGCI10:2013"
"703","BARROW:BG:BGCH09:2013"
"704","BARROW:BG:BGCI09:2013"
"705","BARROW:BG:BGCC06:2013"
"706","BARROW:BG:BGCI06:2013"
"707","BARROW:BG:BGCJ06:2013"
"708","BARROW:BG:BGCC05:2013"
"709","BARROW:BG:BGCJ05:2013"
"710","BARROW:BG:BGCB04:2013"
"711","BARROW:BG:BGCI04:2013"
"712","BARROW:BG:BGCB03:2013"
"713","BARROW:BG:BGCI02:2013"
"714","BARROW:BG:BGCJ02:2013"
"715","BARROW:BG:BGCJ10:2013"
"716","BARROW:BG:BGCC09:2013"
"717","BARROW:BG:BGCD09:2013"
"718","BARROW:BG:BGCC08:2013"
"719","BARROW:BG:BGCH08:2013"
"720","BARROW:BG:BGCI08:2013"
"721","BARROW:BG:BGCJ08:2013"
"722","BARROW:BG:BGCJ04:2013"
"723","BARROW:BG:BGCK04:2013"
"724","BARROW:BG:BGCK02:2013"
"725","BARROW:BG:BGCH10:2013"
"726","BARROW:BG:BGCD06:2014"
"727","BARROW:BG:BGCD07:2014"
"728","BARROW:BG:BGCE02:2014"
"729","BARROW:BG:BGCE03:2014"
"730","BARROW:BG:BGCG02:2014"
"731","BARROW:BG:BGCG03:2014"
"732","BARROW:BG:BGCG06:2014"
"733","BARROW:BG:BGCG07:2014"
"734","BARROW:BG:BGCH02:2014"
"735","BARROW:BG:BGCH04:2014"
"736","BARROW:BG:BGCH07:2014"
"737","BARROW:BG:BGCD05:2015"
"738","BARROW:BG:BGCD06:2015"
"739","BARROW:BG:BGCD07:2015"
"740","BARROW:BG:BGCE02:2015"
"741","BARROW:BG:BGCE03:2015"
"742","BARROW:BG:BGCG02:2015"
"743","BARROW:BG:BGCG03:2015"
"744","BARROW:BG:BGCG06:2015"
"745","BARROW:BG:BGCG07:2015"
"746","BARROW:BG:BGCH02:2015"
"747","BARROW:BG:BGCH04:2015"
"748","BARROW:BG:BGCH07:2015"
"749","BARROW:BG:BGCB07:2016"
"750","BARROW:BG:BGCB06:2016"
"751","BARROW:BG:BGCC06:2016"
"752","BARROW:BG:BGCB04:2016"
"753","BARROW:BG:BGCG11:2016"
"754","BARROW:BG:BGCE11:2016"
"755","BARROW:BG:BGCD11:2016"
"756","BARROW:BG:BGCC11:2016"
"757","BARROW:BG:BGCG06:2016"
"758","BARROW:BG:BGCI06:2016"
"759","BARROW:BG:BGCB08:2016"
"760","BARROW:BG:BGCI04:2016"
"761","BARROW:BG:BGCJ04:2016"
"762","BARROW:BG:BGCK04:2016"
"763","BARROW:BG:BGCJ03:2016"
"764","BARROW:BG:BGCI03:2016"
"765","BARROW:BG:BGCG03:2016"
"766","BARROW:BG:BGCE03:2016"
"767","BARROW:BG:BGCC02:2016"
"768","BARROW:BG:BGCE02:2016"
"769","BARROW:BG:BGCG02:2016"
"770","BARROW:BG:BGCH02:2016"
"771","BARROW:BG:BGCI02:2016"
"772","BARROW:BG:BGCJ02:2016"
"773","BARROW:BG:BGCK02:2016"
"774","BARROW:BG:BGCB10:2016"
"775","BARROW:BG:BGCC05:2016"
"776","BARROW:BG:BGCC08:2016"
"777","BARROW:BG:BGCC09:2016"
"778","BARROW:BG:BGCC10:2016"
"779","BARROW:BG:BGCD07:2016"
"780","BARROW:BG:BGCD09:2016"
"781","BARROW:BG:BGCD10:2016"
"782","BARROW:BG:BGCF04:2016"
"783","BARROW:BG:BGCF10:2016"
"784","BARROW:BG:BGCG05:2016"
"785","BARROW:BG:BGCG07:2016"
"786","BARROW:BG:BGCG09:2016"
"787","BARROW:BG:BGCH07:2016"
"788","BARROW:BG:BGCH08:2016"
"789","BARROW:BG:BGCH10:2016"
"790","BARROW:BG:BGCI05:2016"
"791","BARROW:BG:BGCI07:2016"
"792","BARROW:BG:BGCI08:2016"
"793","BARROW:BG:BGCI09:2016"
"794","BARROW:BG:BGCI10:2016"
"795","BARROW:BG:BGCJ05:2016"
"796","BARROW:BG:BGCJ06:2016"
"797","BARROW:BG:BGCJ07:2016"
"798","BARROW:BG:BGCJ08:2016"
"799","BARROW:BG:BGCJ10:2016"
"800","BARROW:BG:BGCK06:2016"
"801","BARROW:BG:BGCK08:2016"
"802","BARROW:BG:BGCH09:2016"
"803","BARROW:BG:BGCD07:2017"
"804","BARROW:BG:BGCG02:2017"
"805","BARROW:BG:BGCH07:2017"
"806","BARROW:BG:BGCH04:2017"
"807","BARROW:BG:BGCG06:2017"
"808","BARROW:BG:BGCG07:2017"
"809","BARROW:BG:BGCG03:2017"
"810","BARROW:BG:BGCG05:2017"
"811","BARROW:BG:BGCE03:2017"
"812","BARROW:BG:BGCD07:2018"
"813","BARROW:BG:BGCF07:2018"
"814","BARROW:BG:BGCD05:2018"
"815","BARROW:BG:BGCG06:2018"
"816","BARROW:BG:BGCF04:2018"
"817","BARROW:BG:BGCE03:2018"
"818","BARROW:BG:BGCF03:2018"
"819","BARROW:BG:BGCE02:2018"
"820","BARROW:BG:BGCG02:2018"
"821","BARROW:BG:BGCG03:2018"
"822","BARROW:BG:BGCH02:2018"
"823","BARROW:BG:BGCH07:2018"
"824","BARROW:BG:BGCG07:2018"
"825","BARROW:BG:BGCI11:2019"
"826","BARROW:BG:BGCH11:2019"
"827","BARROW:BG:BGCC11:2019"
"828","BARROW:BG:BGCB10:2019"
"829","BARROW:BG:BGCD10:2019"
"830","BARROW:BG:BGCE10:2019"
"831","BARROW:BG:BGCH10:2019"
"832","BARROW:BG:BGCI10:2019"
"833","BARROW:BG:BGCJ10:2019"
"834","BARROW:BG:BGCJ09:2019"
"835","BARROW:BG:BGCI09:2019"
"836","BARROW:BG:BGCH09:2019"
"837","BARROW:BG:BGCG09:2019"
"838","BARROW:BG:BGCD09:2019"
"839","BARROW:BG:BGCC09:2019"
"840","BARROW:BG:BGCB08:2019"
"841","BARROW:BG:BGCC08:2019"
"842","BARROW:BG:BGCD08:2019"
"843","BARROW:BG:BGCH08:2019"
"844","BARROW:BG:BGCI08:2019"
"845","BARROW:BG:BGCJ08:2019"
"846","BARROW:BG:BGCK08:2019"
"847","BARROW:BG:BGCJ07:2019"
"848","BARROW:BG:BGCI07:2019"
"849","BARROW:BG:BGCH07:2019"
"850","BARROW:BG:BGCG07:2019"
"851","BARROW:BG:BGCF07:2019"
"852","BARROW:BG:BGCD07:2019"
"853","BARROW:BG:BGCB07:2019"
"854","BARROW:BG:BGCC06:2019"
"855","BARROW:BG:BGCD06:2019"
"856","BARROW:BG:BGCF06:2019"
"857","BARROW:BG:BGCG06:2019"
"858","BARROW:BG:BGCH06:2019"
"859","BARROW:BG:BGCI06:2019"
"860","BARROW:BG:BGCJ06:2019"
"861","BARROW:BG:BGCK06:2019"
"862","BARROW:BG:BGCJ05:2019"
"863","BARROW:BG:BGCG05:2019"
"864","BARROW:BG:BGCD05:2019"
"865","BARROW:BG:BGCC05:2019"
"866","BARROW:BG:BGCB04:2019"
"867","BARROW:BG:BGCF04:2019"
"868","BARROW:BG:BGCI04:2019"
"869","BARROW:BG:BGCJ04:2019"
"870","BARROW:BG:BGCJ03:2019"
"871","BARROW:BG:BGCI03:2019"
"872","BARROW:BG:BGCG03:2019"
"873","BARROW:BG:BGCE03:2019"
"874","BARROW:BG:BGCB03:2019"
"875","BARROW:BG:BGCC02:2019"
"876","BARROW:BG:BGCG02:2019"
"877","BARROW:BG:BGCH02:2019"
"878","BARROW:BG:BGCI02:2019"
"879","BARROW:BG:BGCJ02:2019"
"880","BARROW:BG:BGCK02:2019"
"881","BARROW:BG:BGCG11:2019"
"882","BARROW:BG:BGCE11:2019"
"883","BARROW:BG:BGCD11:2019"
"884","THINGVELLIR:MOSS HEATH:4:1998"
"885","THINGVELLIR:MOSS HEATH:7:1998"
"886","THINGVELLIR:MOSS HEATH:9:1998"
"887","THINGVELLIR:MOSS HEATH:10:1998"
"888","QHI:HE:3:1999"
"889","QHI:HE:4:1999"
"890","QHI:HE:6:1999"
"891","QHI:HE:4:2004"
"892","QHI:HE:6:2004"
"893","QHI:HE:3:2009"
"894","QHI:HE:4:2009"
"895","QHI:HE:5:2009"
"896","QHI:HE:6:2009"
"897","QHI:HE:4:2014"
"898","QHI:HE:6:2014"
"899","QHI:HE:4:2015"
"900","QHI:HE:5:2015"
"901","QHI:HE:6:2015"
"902","QHI:HE:4:2013"
"903","QHI:HE:4:2016"
"904","QHI:HE:6:2016"
"905","QHI:HE:4:2017"
"906","QHI:HE:5:2017"
"907","QHI:HE:6:2017"
"908","QHI:HE:4:2018"
"909","QHI:HE:5:2018"
"910","QHI:HE:4:2019"
"911","QHI:HE:5:2019"
"912","QHI:HE:6:2019"
"913","QHI:KO:5:1999"
"914","QHI:KO:6:2004"
"915","QHI:KO:6:2009"
"916","QHI:KO:4:2009"
"917","QHI:KO:3:2009"
"918","QHI:KO:2:2009"
"919","QHI:KO:1:2009"
"920","QHI:HE:5:2022"
